is_first_time_recipient,amount_ratio,hour,is_night,velocity_24h,recipient_flagged_count,is_scam
0,0.6597175600764555,13,0,0,0,0
1,0.860350159267189,16,0,0,0,0
0,0.760797604148711,5,1,1,0,0
0,1.0026650482577601,10,0,1,0,0
0,0.7042146456667729,19,0,0,0,0
0,0.7638486138896651,4,1,1,0,0
0,0.8101170858511206,23,1,1,0,0
0,0.6917679361843811,11,0,1,0,0
0,1.9288872128553636,10,0,2,0,0
0,0.46697508122542153,9,0,3,0,0
0,1.6975410383408003,15,0,1,0,0
0,0.8804658955169022,6,0,2,0,0
0,2.2413020325115345,8,0,2,0,0
0,0.8019915182274115,9,0,1,0,0
0,1.059397174476217,10,0,1,0,0
0,2.4599027053751303,15,0,3,0,1
0,2.4082087968441863,12,0,2,0,0
0,1.0710339478918547,20,0,1,0,0
0,0.8262147245278848,23,1,2,0,0
0,1.2372080857020822,6,0,1,0,0
0,0.9981571872441567,0,1,0,0,0
0,0.8893638279921493,21,0,1,0,1
0,0.42022659486105335,8,0,0,0,0
0,1.1487473523322855,7,0,2,0,0
1,3.9449068175507946,5,1,3,0,1
0,1.1059143143184496,20,0,1,0,0
0,4.177924262882774,1,1,4,0,1
0,0.7813745472236527,15,0,2,0,0
1,4.752399525992411,0,1,4,0,1
0,0.7040657916563123,13,0,1,0,0
0,1.4879868551356625,19,0,3,0,0
0,1.367299717604967,7,0,2,0,0
0,3.891982394482838,3,1,4,5,1
1,1.2130615904555402,1,1,3,0,1
1,1.326369755829617,12,0,1,0,0
0,1.434693721498795,22,0,0,0,1
0,3.004669403743082,0,1,4,0,1
1,4.116372063892584,1,1,2,3,1
1,3.481350434942016,0,1,2,1,1
0,0.7389783454735817,11,0,3,0,0
1,2.6979955836329936,0,1,2,0,1
0,2.7913877879958466,7,0,4,1,1
0,0.9237466636061274,20,0,1,0,0
1,0.5565470328982141,4,1,3,0,0
1,0.30451742108242036,23,1,0,0,0
0,1.3457871254876674,11,0,2,1,1
1,10.552351047409337,0,1,2,1,1
1,5.0900044472573756,16,0,3,1,1
0,1.464283488664369,15,0,0,0,0
0,0.5895306898523313,17,0,1,0,0
1,2.4412065936350356,7,0,2,3,1
1,7.331147900594271,11,0,6,1,1
0,1.010609353719167,11,0,0,0,0
1,0.5921407371752944,23,1,3,0,0
0,1.2626925790231127,7,0,1,0,0
0,2.6360004073408803,12,0,2,0,0
0,1.1215685955545838,12,0,1,0,0
0,1.3955468341992212,16,0,0,0,1
0,1.0491092592739073,14,0,0,0,0
0,1.904739842616236,23,1,1,0,0
0,1.1104716930597127,6,0,0,0,0
1,2.1756686400345395,8,0,0,4,1
0,5.10070616033685,0,1,3,2,1
1,4.351721106267801,8,0,3,5,1
0,0.8872062363365579,14,0,0,0,0
0,0.42646645873772465,12,0,0,0,0
0,1.7407457245318791,0,1,1,0,0
0,2.3324379798167154,13,0,2,0,0
1,7.2863608416429635,4,1,3,2,1
1,6.358718652837149,8,0,1,5,1
0,0.9017341497651066,15,0,2,0,0
1,0.8360989229274016,5,1,3,0,0
0,1.0568645587803922,10,0,3,0,0
0,2.714905344577316,1,1,0,0,0
1,0.8812809144295477,13,0,0,0,0
0,0.6790459566138161,12,0,0,0,0
0,0.8900965330311663,17,0,0,0,0
0,0.8353749532667031,20,0,1,0,0
0,0.9738322460001105,18,0,0,0,0
1,1.2734333823536554,23,1,4,0,1
0,0.7451299200680075,13,0,0,0,1
0,0.8285195830147488,19,0,2,0,0
1,7.694815423023561,4,1,3,5,1
0,0.6638397570999466,3,1,1,0,0
0,0.9253248686479855,23,1,0,0,0
0,0.9603636858376529,23,1,0,0,0
0,0.8537964726811745,16,0,2,0,0
0,1.8774696523743566,0,1,1,0,0
0,3.5328094375253905,0,1,4,0,1
0,6.170698182416836,0,1,0,1,1
0,3.3161586191163366,12,0,3,0,1
0,1.4233096133635579,13,0,0,0,0
0,0.8525245279023097,13,0,1,0,0
1,1.3689919127557697,10,0,1,0,0
0,0.9774784206992715,12,0,0,0,0
1,9.827421758966858,0,1,1,0,1
0,0.5457740072093865,15,0,2,0,1
1,1.5653350955690575,3,1,3,0,0
0,1.7085623219059436,7,0,1,0,0
1,1.103390871027284,9,0,0,0,0
1,1.3644826969721033,5,1,0,0,0
0,2.7786869211737297,4,1,0,0,0
0,0.23718257502394227,7,0,0,0,1
1,12.955007124597904,12,0,5,1,1
0,2.2176676700940052,12,0,2,0,0
0,1.4886787846446587,19,0,2,0,0
0,1.0877408204479286,23,1,1,0,0
0,2.4210774400732284,23,1,1,0,0
1,7.681290004567038,8,0,1,0,1
0,0.7239864762765696,7,0,1,0,0
0,0.8092399748121338,14,0,1,0,0
0,0.5454713411841826,0,1,2,0,0
1,2.7430822728840685,3,1,3,1,1
0,0.9686255873769921,19,0,1,0,0
0,0.4906785085865679,11,0,2,0,0
1,2.124457268179231,12,0,3,4,1
0,1.2972029565805336,13,0,0,0,0
0,1.6128443589404995,15,0,2,0,0
0,0.5500866393068687,3,1,3,0,0
0,0.5020021542190833,14,0,1,0,0
0,2.3512559400423,22,0,1,0,0
0,2.001854781597533,13,0,0,0,0
1,5.516649231529547,1,1,0,2,1
1,0.7785108335487425,6,0,1,0,1
1,0.8060191810242182,20,0,0,0,0
0,3.9128049592131924,8,0,3,1,1
0,0.756221479456161,16,0,1,0,0
1,1.8073463066237418,0,1,1,0,1
0,1.424174021506034,23,1,1,0,0
1,0.8749930641283479,19,0,1,0,0
1,7.379557638850339,0,1,2,0,1
0,0.9516010645046643,17,0,2,0,0
1,1.8707276124948944,8,0,1,0,0
0,1.3234326948467898,22,0,4,0,0
1,6.77745375098885,0,1,0,4,1
1,6.965590827079172,17,0,3,2,1
0,6.978639968497906,6,0,2,2,1
1,3.2845470155393173,1,1,0,2,1
1,0.974655280295198,14,0,1,0,0
0,1.7838141968936476,10,0,1,0,0
1,7.46849587925506,16,0,7,0,1
1,3.8109969338937697,7,0,2,2,1
0,2.6607989199623066,4,1,2,3,1
1,2.1201210188511417,3,1,1,2,1
1,8.150452990946054,18,0,4,0,1
0,0.939319388219884,22,0,2,0,0
0,1.3857826722568833,16,0,0,0,0
1,2.7550649815824766,17,0,1,2,1
1,1.0730643058921834,3,1,2,0,0
0,2.5480277496879435,9,0,0,0,0
0,1.527096350416374,7,0,1,0,0
0,5.241732029136376,4,1,2,2,1
1,1.8378793754016198,2,1,4,0,1
0,1.5988195822106581,0,1,2,5,1
0,0.48827565445533744,14,0,0,0,0
0,1.1230864583556206,17,0,1,0,0
0,1.9634651548405566,14,0,1,0,0
1,0.5885564494999236,4,1,2,0,0
0,13.222762571637753,4,1,2,4,1
0,0.3945861821868074,21,0,0,0,0
0,1.2312791325048071,18,0,1,0,0
0,1.0155856423804415,17,0,1,0,0
0,0.6991229053895196,8,0,1,0,0
1,1.9845104394827746,1,1,1,0,0
1,1.0306533939866958,7,0,1,0,0
1,6.8470428292932395,0,1,2,0,1
0,1.641676616350604,10,0,1,0,0
0,0.6096453447946624,23,1,1,0,0
0,0.873043217965467,16,0,3,0,0
0,0.8801233543576367,18,0,1,0,0
0,0.4922323016435066,12,0,1,0,0
0,0.8619308700875115,14,0,1,0,0
0,0.6138489489249478,22,0,0,0,0
0,0.43184239917667083,4,1,3,0,0
0,0.4864236145456979,23,1,2,0,0
0,0.627763374667224,13,0,3,0,0
1,7.849044558484604,18,0,2,0,1
0,0.8649836938220193,15,0,1,0,0
0,1.6251002454902734,23,1,1,0,0
0,1.4934833287552383,7,0,4,0,1
1,1.6169750664875504,13,0,2,2,1
0,2.1400495832823987,8,0,0,0,0
0,1.2670228620524657,10,0,1,0,0
1,0.22712280447158945,9,0,3,0,0
1,1.2381368387088605,16,0,2,0,0
1,3.8778398514264807,4,1,2,1,1
0,6.751382215442431,0,1,5,3,1
0,9.452581510973873,22,0,3,0,1
0,1.0591502712930225,13,0,0,0,0
1,1.5190711428564538,13,0,1,0,1
0,0.979318248757283,15,0,1,0,0
1,7.107459825537409,9,0,6,2,1
1,9.239290518397002,2,1,2,0,1
1,5.790963473286941,5,1,2,0,1
0,0.7663351262307936,11,0,0,0,0
0,1.1029253205497613,6,0,3,0,0
0,0.8313306502079921,20,0,3,0,1
0,0.5705164539315651,22,0,2,0,1
1,2.033858996169833,18,0,4,2,1
1,11.5521852868591,6,0,0,1,1
1,3.81397756057172,5,1,3,1,1
1,0.49121123270614975,19,0,0,0,0
0,0.36982727289295514,12,0,1,0,0
1,3.6100823368132215,0,1,3,0,1
1,0.6412150957572269,15,0,2,0,0
0,1.3703644271887307,9,0,1,0,0
1,0.5239101313089497,12,0,0,0,0
0,1.0299367528195391,20,0,2,0,0
0,3.967450279740425,6,0,3,1,1
1,0.8358520320074664,8,0,1,0,0
0,1.0366892027198225,20,0,3,0,0
0,1.920078076219884,12,0,0,0,0
1,6.937652216736078,0,1,7,4,1
0,1.3417577031856434,15,0,0,0,0
1,8.376079542381905,17,0,3,0,1
1,1.0321784583294202,15,0,2,0,0
0,2.14237825009199,4,1,1,0,1
0,0.7207998017607917,13,0,0,0,0
0,4.369334337770095,9,0,4,1,1
0,0.9992143065842423,15,0,1,0,0
0,0.7899469562010858,8,0,0,0,0
1,1.313958866338071,5,1,2,0,1
1,3.290874694966387,0,1,2,2,1
0,1.8315731021361927,15,0,0,0,0
0,1.132023518196471,16,0,2,0,0
0,0.5796190646305875,7,0,1,0,0
0,0.7112643251467008,7,0,0,0,0
0,1.0150608932396716,14,0,1,0,0
0,1.5648697937626197,14,0,1,0,0
0,0.6689715402012869,14,0,3,0,0
0,0.479921908023117,23,1,1,0,0
1,23.746693845485247,0,1,5,3,1
0,1.4971279276936005,23,1,1,0,0
1,19.111375505606066,5,1,2,2,1
0,0.943234744878343,7,0,2,0,0
0,0.9795997333587579,14,0,1,0,0
0,0.4487213600014394,9,0,1,0,0
1,1.6768293535713845,9,0,0,0,0
0,1.1380483577708833,11,0,0,0,0
1,1.0019938955417618,6,0,4,1,1
1,0.7704271569393024,8,0,0,0,0
1,1.274509347982947,15,0,3,0,0
1,2.1723415117835434,1,1,4,0,1
1,6.472630698276588,5,1,1,3,1
0,0.5806438756242133,17,0,1,0,0
0,0.3917983881406729,0,1,1,0,0
0,1.5798441327856516,23,1,1,0,0
0,0.7676184113184422,8,0,1,0,0
0,0.7170898832816717,16,0,1,0,0
1,4.968474383051372,12,0,2,0,1
1,1.5211952052349964,6,0,3,0,1
1,4.147197304966572,0,1,3,0,1
0,0.7146985382738029,16,0,0,0,0
1,1.346243488222778,11,0,2,0,0
0,1.67945897880629,20,0,1,0,0
0,1.4895466993020618,20,0,2,0,0
1,3.541294997645462,5,1,5,2,1
0,1.3276613367107233,9,0,2,0,0
0,0.5442743400697516,7,0,1,0,0
1,0.7602007248468489,15,0,2,0,0
0,0.9708427342698305,23,1,1,0,0
0,1.1144794092483812,3,1,0,0,1
0,2.043739460634231,20,0,4,0,0
0,3.0336276845137746,6,0,4,0,1
0,0.6142266977359035,6,0,0,0,0
1,0.5589498341138315,3,1,1,0,0
0,0.5100198224699619,15,0,1,0,0
0,1.5425216133271107,18,0,3,0,0
1,1.080313875703309,8,0,0,0,1
1,0.7572241400892,3,1,3,0,0
0,1.59711712711625,2,1,1,0,0
0,0.47115696977069615,23,1,0,0,0
1,3.7751997911210107,3,1,0,1,1
0,1.3405918099482717,11,0,1,0,0
0,1.0804758489582522,10,0,0,0,0
0,0.6197596813486168,11,0,3,0,0
0,1.3780257478773035,17,0,2,0,0
0,2.108300877811107,23,1,1,0,0
1,11.236878107096622,4,1,5,0,1
0,1.334347829552031,17,0,1,0,0
1,9.038595191871691,1,1,4,5,1
1,2.2869172434280767,6,0,0,1,1
0,1.1636063926351796,11,0,1,0,0
0,0.8879482460153553,23,1,0,0,0
0,1.2963916083365743,15,0,1,0,0
1,7.198724581474942,0,1,2,0,1
0,1.0887418508409874,12,0,0,0,0
0,1.1330857884489292,16,0,0,0,0
0,0.9103214379306654,18,0,0,0,1
0,0.6078390737266526,19,0,1,0,0
0,2.0503223175897918,10,0,2,0,0
0,0.8734539621913662,20,0,2,0,0
0,0.6374142696162621,21,0,1,0,0
1,1.1793837379602272,12,0,0,0,0
0,1.9169298477987857,5,1,2,0,0
1,0.526804575408873,8,0,1,0,0
0,1.098517229135492,23,1,1,0,0
0,1.436392366974998,14,0,0,0,0
1,9.06041146579255,1,1,4,0,1
0,1.4652913726028178,7,0,0,0,0
0,0.8043637100002433,21,0,0,0,0
1,1.1564634392691628,8,0,3,0,0
0,0.9391188521016807,9,0,1,0,0
0,0.6801633335694245,11,0,1,0,0
1,1.9648370850663492,11,0,3,0,0
1,6.297431071352594,8,0,2,3,1
0,2.0430716851727104,4,1,2,0,1
1,2.974109463364827,20,0,1,0,0
0,2.441613758465417,23,1,3,0,0
0,0.8638054151466773,7,0,0,0,0
1,2.29172723519644,16,0,0,0,0
0,14.371332036268791,16,0,4,0,1
0,0.8956109178262753,9,0,0,0,0
1,3.233675504149094,2,1,3,0,1
0,0.5342375059386161,19,0,2,0,0
1,0.6137346539808897,7,0,0,0,0
0,3.250795909814958,15,0,0,0,0
0,0.6086454579992937,15,0,3,0,0
1,1.99311202393974,1,1,3,2,1
1,6.835711149802081,10,0,0,0,1
0,4.796219187791068,5,1,4,1,1
1,4.620173111197708,18,0,3,3,1
0,0.5188944619029352,14,0,1,0,0
0,1.2913798319151888,12,0,0,0,0
0,1.319922260063153,15,0,1,0,0
0,2.586408225509882,15,0,1,0,0
0,1.0308044826728595,9,0,4,0,0
0,1.1673152102556206,14,0,3,0,0
1,2.7633587863178755,22,0,3,1,1
1,7.604555351976532,5,1,6,0,1
1,5.950040547915973,0,1,1,5,1
0,1.2816797434256895,15,0,1,0,0
1,3.1218974590668163,0,1,3,0,1
1,1.1069220529452963,15,0,3,0,0
0,1.0550123942937293,13,0,1,0,0
0,1.6858096401805254,15,0,2,0,0
1,1.996580803981597,7,0,1,0,0
1,1.4418207104120813,20,0,2,0,0
1,4.79739494364347,7,0,3,3,1
0,1.193482184029843,16,0,2,0,0
1,10.821438858827227,5,1,2,2,1
1,4.485696938423239,0,1,1,3,1
0,0.8051492098496876,18,0,3,0,0
0,0.7284756167513119,16,0,1,0,0
1,3.101156141982759,9,0,3,0,1
1,5.180061617372081,5,1,1,0,1
1,4.123928772480639,2,1,0,0,1
0,0.9961197832841756,16,0,0,0,0
0,1.3063591295752333,18,0,2,0,0
0,0.7668785734758402,16,0,1,0,0
1,0.7321002837863508,16,0,1,0,0
1,6.3955122042297345,3,1,3,2,1
0,1.3557315615428747,18,0,0,0,0
0,0.8225559278242635,23,1,0,0,0
0,6.480330321097588,8,0,4,4,1
0,0.3652945379832725,21,0,1,0,0
0,1.852890355341083,5,1,2,0,0
0,1.1627363543767366,20,0,0,0,0
0,0.9532126623320135,20,0,1,0,0
0,1.8429098105745074,7,0,1,0,0
1,0.5840398027564477,18,0,1,0,0
0,1.7127839347647293,14,0,1,0,0
1,3.649635303023647,11,0,7,3,1
0,1.7950547003226665,5,1,1,0,0
0,0.8675783079711954,10,0,1,0,0
0,1.4699158810453214,22,0,2,0,0
1,0.47931218662833647,17,0,2,0,0
0,1.315861306351091,11,0,0,0,0
0,1.2508927733326223,23,1,1,0,0
1,5.361789212792038,17,0,0,3,1
1,5.2741682518229664,2,1,3,3,1
1,3.819038604113805,5,1,4,4,1
0,2.211596524670014,19,0,1,0,0
0,2.216789158605981,19,0,1,0,0
0,1.3009689382747869,2,1,2,0,0
1,2.057882812215089,3,1,3,0,1
1,1.6077209954768292,10,0,1,0,0
1,0.8209554566998953,15,0,1,0,0
0,0.8875043453001217,23,1,0,0,0
0,4.181081255107488,3,1,2,0,1
1,7.848960735286865,6,0,3,4,1
1,1.4054080482172795,18,0,1,0,0
0,0.8331620054153821,9,0,3,0,0
0,1.023634595284503,13,0,1,0,0
0,0.9994935120400452,23,1,0,0,0
0,0.9964829291660501,13,0,2,0,1
1,4.10746865329848,0,1,4,2,1
0,0.8253890212706101,15,0,0,0,0
0,1.0530898766430452,10,0,2,0,0
0,0.7171374582304154,17,0,2,0,0
0,0.48058420177957095,9,0,2,0,0
0,4.719241454911394,12,0,3,2,1
0,0.7329024220122411,20,0,0,0,0
1,1.202230169259829,4,1,2,0,0
0,1.452388016672389,22,0,0,0,0
0,1.8941044319968627,2,1,1,0,0
0,0.9642270069425258,17,0,0,0,0
0,0.8990475037836381,22,0,1,0,0
0,2.744715293792264,5,1,0,3,1
0,1.092816760805547,21,0,1,0,0
0,1.3662866113453684,2,1,2,0,0
1,1.4163178187032546,8,0,2,5,1
0,1.3311561652567818,16,0,1,0,0
0,1.4179931233121512,4,1,0,0,0
1,5.695496069058501,1,1,0,4,1
0,2.8869963295290546,13,0,1,0,0
0,1.3795987413032202,23,1,1,0,0
0,1.1642478114597383,5,1,2,0,1
0,0.5116174485520613,14,0,1,0,0
0,0.8062892941799387,16,0,1,0,0
0,0.8149527415057048,5,1,2,0,0
0,0.7855687833403133,0,1,0,0,0
0,0.8934846749305454,15,0,2,0,0
0,0.5239718062374745,23,1,1,0,0
0,1.10246875364421,10,0,3,0,0
1,3.2909822961341733,5,1,4,0,1
0,1.1597552603533432,16,0,3,0,0
1,1.9479325106996666,3,1,5,5,1
0,1.3759648292850337,14,0,1,0,0
0,0.48901181472844546,20,0,2,0,0
0,1.3924134943606747,14,0,1,0,0
0,1.8226235962135566,15,0,1,0,0
0,0.7575959761012258,20,0,1,0,0
0,0.5598179860588307,15,0,2,0,0
1,0.7752304685554411,3,1,0,0,0
1,3.5787766382702753,22,0,5,1,1
0,1.1368326168753211,12,0,0,0,0
0,0.6014692979066893,5,1,1,0,0
1,1.191334317705244,7,0,5,3,1
0,1.4550992794813247,17,0,0,0,0
0,0.9314434455304529,12,0,2,0,0
0,8.260849892251763,12,0,3,5,1
0,0.5067724416181728,10,0,0,0,0
0,1.06971471230902,14,0,1,0,0
0,1.144696783025954,13,0,1,0,0
0,0.43842319458476275,17,0,2,0,0
0,1.0632117530846728,16,0,1,0,0
1,5.883640844289944,0,1,5,2,1
1,0.8934045969569184,10,0,0,0,0
0,0.6717433658386848,23,1,2,0,0
1,4.929823854675492,17,0,5,0,1
0,0.8755356609781267,11,0,0,0,0
0,1.4861760491358098,12,0,0,0,0
0,0.9851311256334396,22,0,1,0,0
1,0.5248846117635667,17,0,2,0,0
1,1.0939348902156023,11,0,2,0,0
1,0.48582437382841165,11,0,1,0,0
1,1.6125026984976287,0,1,0,0,1
0,0.9519688158818153,12,0,0,0,0
0,1.1898820995723647,20,0,2,0,0
0,1.1085596059996186,6,0,1,0,1
0,1.551278561840045,5,1,1,0,0
0,4.507356107740278,0,1,3,1,1
1,1.5203288717280452,9,0,2,0,0
1,0.5670169844542048,15,0,3,0,1
0,0.4587689191276764,12,0,0,0,0
0,0.7958619875093413,23,1,2,0,0
0,0.2702589237982604,19,0,2,0,0
1,3.9537167184139554,18,0,3,0,1
0,1.354627782570925,17,0,3,0,0
1,2.886905376778121,23,1,1,0,0
0,1.4854971034588875,16,0,1,0,0
1,1.8547303075645667,11,0,0,0,0
0,0.9060513699201544,13,0,2,0,0
0,1.092529557491756,5,1,5,0,0
1,1.9176624109792249,2,1,0,0,1
0,0.6774950619749266,10,0,3,0,0
1,3.4503274483266946,15,0,1,0,1
0,15.532237937206155,1,1,2,4,1
0,2.149280475081665,0,1,1,0,1
0,0.46336825562259654,13,0,1,0,0
0,0.7928655726683718,10,0,1,0,0
0,1.0602345073578454,7,0,1,0,0
0,2.0384507470378406,8,0,0,0,0
0,0.7070040723505933,22,0,4,0,0
0,1.1910579698642603,12,0,1,0,1
1,0.9131769876633907,13,0,2,0,0
0,1.4122300923036146,15,0,1,0,0
0,1.121010309633458,13,0,1,0,0
1,0.8347398058086365,14,0,1,0,0
0,2.373509712186272,6,0,3,5,1
1,11.784834465158138,7,0,4,0,1
0,0.5010693447450951,23,1,0,0,0
1,0.30776599173305513,23,1,1,0,0
1,11.841058977588132,0,1,1,3,1
1,5.462936904873459,4,1,3,0,1
0,1.6509962814805152,11,0,2,0,0
0,0.9557871152732355,11,0,1,0,0
0,2.059705432126005,7,0,0,0,0
0,0.5196771496954756,20,0,2,0,0
0,1.020045019716141,16,0,2,0,0
0,1.2659848192436307,17,0,1,0,0
1,1.5435552967286716,7,0,1,0,1
1,1.7297486982806007,4,1,1,0,0
0,0.3450435041231462,12,0,1,0,0
1,3.886979921245948,21,0,2,0,1
0,1.0054156543523587,16,0,1,0,0
0,0.5503599609576236,10,0,2,0,0
1,0.9393529290354438,16,0,2,0,0
0,12.108560562248453,2,1,1,1,0
1,1.310218746725661,0,1,1,5,1
1,3.4605329291422118,0,1,6,3,1
1,0.632814430919051,0,1,1,0,0
1,16.994269001593455,10,0,6,1,1
0,2.159605882549206,17,0,0,0,0
0,0.767421017444753,13,0,1,0,0
0,0.48187681654623726,6,0,1,0,0
0,0.38950413198817424,16,0,1,0,0
0,0.5723715535740495,12,0,3,0,0
0,0.5642815747671094,13,0,1,0,0
1,1.9677116616320782,0,1,2,5,1
0,1.2429687717240818,16,0,0,0,0
0,0.6880254752714705,17,0,2,0,0
0,2.603594577535095,11,0,1,0,0
0,1.9155835409733823,7,0,2,0,0
0,2.1376216613993346,23,1,3,0,1
1,1.04748801510398,18,0,0,0,0
0,2.0474748498069686,23,1,3,0,0
0,0.828571541442045,18,0,3,0,0
1,1.3019292130598947,21,0,2,4,1
1,5.840004481045487,3,1,2,0,1
1,2.5365779102075603,0,1,1,1,1
0,1.173682030649327,16,0,3,0,0
0,0.939131443020047,22,0,0,0,0
1,1.4647060703286205,23,1,0,0,0
0,0.9421559946836798,5,1,1,0,0
1,4.120462374580652,0,1,2,0,1
0,0.7489931355935595,11,0,1,0,0
1,2.360969067810197,0,1,2,2,1
1,4.5185427894766015,20,0,1,2,1
1,1.4658719859222864,13,0,3,0,0
0,1.5891326653670859,12,0,0,0,0
1,6.726379547873693,12,0,0,0,1
0,1.0589652144256605,16,0,2,0,0
1,3.7386971985514497,14,0,5,4,1
1,2.9138507550950465,15,0,3,2,1
0,2.3719422713900684,6,0,2,0,0
1,6.023625153099202,2,1,5,3,1
0,1.2553450660494045,17,0,1,0,0
0,4.2519731221721875,0,1,3,0,1
0,0.9362509187376341,8,0,2,0,0
0,0.4995204862242137,11,0,1,0,0
0,0.7493316607177221,21,0,3,0,0
1,5.279463203889293,12,0,2,0,1
1,9.49823904898068,7,0,2,0,1
1,3.244281922266224,13,0,1,0,0
1,4.154155281935752,0,1,2,2,1
0,2.743292316873172,5,1,4,0,1
0,7.23523905896201,4,1,1,2,1
1,3.207565813030636,9,0,1,0,1
0,0.900068433220813,17,0,0,0,0
1,1.4094451687662297,23,1,0,0,0
1,4.160524759198968,22,0,3,0,1
1,2.210020773987738,22,0,0,0,0
0,1.414301715903027,15,0,4,0,0
0,0.7503826112209305,3,1,1,0,0
1,6.686062986435338,11,0,5,1,1
1,4.216964745810966,7,0,1,0,1
1,5.185744101868468,4,1,6,0,1
1,0.5599666180775381,15,0,0,0,0
1,2.001200894785273,0,1,3,3,1
0,1.8919958351083273,5,1,0,0,0
0,0.6321842206650418,12,0,4,0,0
0,0.6203544775875306,18,0,1,0,0
0,1.0670428824300562,16,0,1,0,0
1,4.166490170919305,0,1,0,1,1
1,5.351335832021224,0,1,0,2,1
0,2.491460397172869,9,0,0,0,0
0,0.7675602118073589,17,0,2,0,0
1,3.1506301698639936,9,0,5,0,1
1,10.852319314704264,15,0,7,1,1
1,1.50309553979089,4,1,4,4,1
1,2.9346362718906622,16,0,0,3,1
0,0.9936717072150033,18,0,1,0,0
0,1.124344777910809,20,0,0,0,0
0,3.077485688648755,17,0,3,0,1
0,4.9034166831892465,18,0,0,0,0
1,3.3446158553460466,16,0,3,1,1
1,1.3295036855272422,23,1,4,0,0
1,1.3370336771228537,6,0,3,3,1
0,0.6793644444187775,16,0,1,0,0
1,2.7594614922219036,0,1,3,5,1
0,1.1944527197007941,22,0,1,0,0
1,3.2689859804353976,0,1,1,0,1
0,1.3095967433477838,14,0,1,0,0
0,0.7090350011148008,13,0,0,0,0
1,2.410587625594388,2,1,4,0,1
0,1.3041389036941702,13,0,5,0,0
0,0.9435559247833839,14,0,1,0,0
1,6.518409136837255,3,1,1,0,1
0,4.882566153817967,0,1,4,2,1
0,3.202406851596791,14,0,0,0,0
0,1.4745474318620895,11,0,1,0,0
1,12.7432325762952,9,0,9,0,1
1,3.392595251598718,6,0,1,1,1
0,1.4478960921197055,5,1,2,0,0
1,0.5434180441517672,17,0,0,0,0
0,0.3923660274311085,17,0,3,0,0
1,3.3660367784639686,8,0,1,0,0
0,0.6642579281315178,20,0,2,0,0
1,0.9333816597992004,7,0,0,0,1
1,6.170916707275841,0,1,3,4,0
0,1.4744466632607265,5,1,0,0,0
0,13.810753106085091,7,0,0,2,1
1,2.0288596180821608,23,1,2,1,1
0,1.7680028698917714,22,0,2,2,1
0,0.9019259305435918,20,0,3,0,0
0,0.47876266414362284,12,0,1,0,0
1,1.5582450147445925,0,1,0,3,1
1,1.6634595463715833,23,1,1,0,1
0,1.2004324549906815,5,1,0,0,0
1,3.643066593287402,10,0,3,0,1
0,2.0784854893321807,8,0,1,0,0
0,1.0318457115994102,16,0,0,0,0
0,3.7265449096237186,20,0,2,0,1
1,1.165661537067548,12,0,0,0,0
0,1.7251030601047515,14,0,2,0,0
0,0.500889838579819,12,0,1,0,0
1,1.2501525551844292,14,0,1,0,0
0,0.3323971828375181,5,1,1,0,0
0,2.0142284595720334,6,0,2,0,0
0,1.2242601195231566,9,0,0,0,0
0,2.037614449588544,17,0,0,0,0
0,1.090248165737195,12,0,0,0,0
0,1.710244069896016,9,0,3,2,1
1,3.791525619299212,0,1,0,2,1
1,0.513708725198431,11,0,1,0,0
1,1.3931344250447468,14,0,1,0,0
0,0.6018847741991945,15,0,0,0,0
0,0.34027147595647106,9,0,0,0,0
0,1.211930713349738,23,1,1,0,0
1,0.8539396602988819,11,0,3,0,0
0,1.5579635116837247,23,1,0,0,0
1,0.5507248941802041,16,0,1,0,0
0,1.3980177597797627,7,0,0,0,0
0,0.5148054292450505,16,0,0,0,0
0,2.253292590197278,10,0,0,0,0
0,2.296566313881054,12,0,1,1,1
1,7.0297044825712725,10,0,1,0,1
1,4.783314069214072,0,1,5,0,1
1,1.034182535624746,11,0,0,0,0
0,1.233378490490919,8,0,2,0,0
1,1.2563681902703994,21,0,3,0,0
0,1.3310308707996776,15,0,0,0,0
1,1.9508485764812178,2,1,4,0,1
1,1.61098162029336,10,0,2,0,1
0,0.8223677287495891,9,0,1,0,0
1,3.7089815913582136,13,0,1,5,1
0,0.8588550750920849,13,0,0,0,0
1,8.912815002033705,5,1,1,2,1
1,3.8427645154874317,8,0,0,0,1
0,1.2320573341845038,3,1,0,0,0
1,3.7159426725662335,9,0,3,2,1
0,1.4343419703284501,16,0,0,0,0
0,1.412054459795716,9,0,0,0,0
0,0.998162463310447,9,0,2,0,0
0,2.58421222620794,8,0,0,0,1
0,0.6495990128348328,19,0,1,0,0
1,1.0685041640989597,23,1,3,0,0
0,0.755808004634006,12,0,2,0,0
0,0.6655484931648706,23,1,2,0,0
0,1.2428200573339265,12,0,0,0,0
1,2.7089264499430294,9,0,1,0,1
0,1.2788549415927302,8,0,0,0,0
0,1.296802833950047,9,0,1,0,0
0,0.7952379353394868,14,0,2,0,0
0,3.418226341215611,8,0,1,0,0
0,0.7080430860011186,22,0,0,0,0
1,4.111169335693733,1,1,1,0,1
0,0.6754408949875672,17,0,1,0,0
1,1.9147681433165522,1,1,3,2,1
0,1.9297760033733637,22,0,1,0,1
0,0.8486814102220827,14,0,2,0,0
0,1.4588170797824092,9,0,4,0,0
0,0.9526498811963793,20,0,0,0,0
0,1.2970732314351177,16,0,0,0,0
0,0.3064296399401837,17,0,4,0,0
0,0.7634027095974072,17,0,1,0,0
0,3.791250295910615,0,1,5,2,1
0,0.841973430417224,5,1,0,0,0
1,1.1203150815429725,13,0,2,0,0
0,1.599530599514093,17,0,0,0,0
0,1.1705616116229498,18,0,2,0,0
0,17.818975377414894,19,0,0,3,1
0,3.532794543146998,18,0,1,0,1
1,2.9485647551519194,8,0,2,1,1
1,0.7356591339913698,18,0,2,0,0
0,0.6962443438194491,18,0,1,0,0
1,5.283418473947072,8,0,2,0,1
1,2.260150771147354,0,1,2,0,1
0,4.014805572357899,17,0,1,0,1
1,9.242541399820983,6,0,4,1,1
0,0.6614290724600596,19,0,0,0,0
0,0.4869060269020935,17,0,0,0,0
0,0.8254488569852562,13,0,0,0,0
1,0.766214522917252,12,0,0,0,0
0,0.9570129352069715,17,0,0,0,0
0,1.367346870769766,20,0,0,0,1
0,0.545914678151543,19,0,2,0,0
0,2.156914602915348,9,0,0,0,0
1,10.686305676855177,0,1,4,1,1
1,3.006514745040368,12,0,1,0,1
0,0.9523927937813725,19,0,3,0,0
0,0.7720476730104662,13,0,2,0,0
1,6.049849868534224,21,0,2,2,1
1,4.5139526426147984,0,1,2,3,0
1,2.537452148926961,14,0,2,0,0
0,1.1994331559752696,10,0,0,0,0
0,5.4459223234643295,14,0,5,0,1
1,3.229026492411695,0,1,0,0,1
1,6.181263126879137,0,1,0,4,1
0,0.46547679510588175,2,1,1,0,0
0,2.237744631055743,7,0,1,0,0
1,3.373584654919694,3,1,5,0,1
0,1.0629258208726255,21,0,0,0,0
0,1.2605907188247731,10,0,3,0,0
1,1.9626017894362668,7,0,3,0,1
1,0.7644883482143008,5,1,1,0,0
0,0.9795434918582535,18,0,1,0,0
1,0.836170127676718,11,0,0,0,0
1,6.988570590706625,22,0,0,0,1
0,0.7319663617723802,15,0,1,0,0
0,0.5308381349222402,11,0,0,0,0
1,4.141196776363255,0,1,1,4,1
0,1.5263857132080814,20,0,3,0,0
1,2.767597079258074,4,1,3,2,1
0,1.1522547994237302,21,0,3,0,0
0,0.6766537983083784,8,0,1,0,0
0,1.859590530335519,23,1,1,0,0
0,1.7247239388687192,7,0,0,0,0
0,8.075808833756126,0,1,3,0,1
0,1.1215707770153442,11,0,0,0,0
0,3.8958589239528734,10,0,5,0,1
0,0.8878025969450989,23,1,2,0,0
0,4.956748545071767,2,1,1,3,1
1,6.945183992293106,5,1,1,0,1
0,1.7999399230366768,14,0,3,0,0
0,0.6735000392450204,16,0,1,0,0
0,0.7025114365903908,11,0,0,0,0
0,2.5374478202226993,16,0,0,0,0
0,1.438161466789091,12,0,2,0,0
0,0.8334227946031759,10,0,1,0,0
0,6.522527151518728,9,0,3,3,1
0,1.1011501621826267,0,1,5,0,1
1,4.267565970022582,5,1,2,0,1
1,0.7952074063066966,15,0,1,0,0
1,0.5672895061474792,9,0,5,0,0
0,2.1661431585093123,11,0,1,0,0
0,1.5351148157533996,16,0,1,0,0
1,5.510599905816909,0,1,1,2,1
0,1.299503677639084,23,1,0,0,0
0,1.1897681064080805,16,0,0,0,0
0,5.202198200534845,18,0,1,4,1
1,4.011151824316658,0,1,3,0,1
1,3.115792355884265,10,0,3,1,1
0,1.927092963955332,15,0,5,0,0
0,0.5314093386462223,10,0,0,0,0
0,1.102903687170521,21,0,0,0,0
1,3.0257287216773063,7,0,3,0,1
0,0.564536237404168,7,0,2,0,0
1,3.0117897075922437,1,1,5,0,0
1,1.438867658537885,11,0,1,0,0
0,0.5774974936794195,13,0,1,0,0
0,1.2929115701029983,6,0,0,0,0
1,2.2580916664839945,8,0,1,0,1
0,0.8771720625600649,8,0,1,0,0
1,1.2594499222457114,12,0,1,0,0
0,1.02955880326797,18,0,0,0,0
0,0.7699296226138934,16,0,1,0,0
0,1.0518035105543693,0,1,1,0,0
0,0.8428000884955658,15,0,1,0,0
0,1.4157912667671,23,1,1,0,0
0,1.423678304772597,23,1,2,0,0
0,0.5787593426765513,12,0,2,0,0
1,8.664810970953395,3,1,0,5,1
0,2.6786733342941957,8,0,2,0,1
0,1.4738472373353804,23,1,0,0,0
0,0.8172615838801536,18,0,2,0,0
0,1.784451944864902,10,0,2,0,0
1,17.087258667340862,9,0,1,2,1
0,0.5862269833343998,17,0,1,0,0
0,1.6969870446087831,4,1,1,0,0
0,2.336014154604229,0,1,2,2,1
1,0.8404379906644012,18,0,1,0,0
0,3.914525156753713,1,1,2,1,0
0,0.5041701840112252,14,0,1,0,0
1,7.586187542152348,22,0,5,0,1
0,0.4662988733280127,11,0,0,0,0
1,0.7980831795697351,13,0,0,0,1
1,0.9728610787520258,14,0,0,0,0
1,0.3914521246357289,19,0,1,0,0
0,1.3188633306527844,22,0,0,0,0
1,7.045781865494602,2,1,3,1,1
1,1.6899007599229583,14,0,2,0,0
0,3.5472438990402293,19,0,2,4,1
0,0.9551145122137897,19,0,1,0,0
0,3.520971756742907,14,0,3,0,0
0,1.0082558851482344,16,0,1,0,0
0,4.659634657585152,10,0,2,1,1
0,0.6140873139122798,7,0,1,0,0
0,2.987966449826185,9,0,3,0,0
0,0.8145564906658785,23,1,0,0,0
0,0.9563631077392981,8,0,2,0,0
0,1.021614054163882,11,0,0,0,0
0,0.542000126239086,14,0,1,0,0
1,3.162765221586505,2,1,1,3,1
0,1.2455252722273396,20,0,1,0,0
1,0.7795584379777684,9,0,0,0,1
0,1.7514085076135908,0,1,1,0,0
0,3.817786667686704,16,0,1,0,1
0,0.8015271196180809,14,0,1,0,0
0,0.6873253516410452,10,0,0,0,0
1,1.5650069353543583,8,0,0,0,0
0,1.8358397560345086,16,0,0,0,0
0,1.1232199110504362,18,0,4,0,0
1,0.48329059396361546,11,0,0,0,0
0,1.5235727544061575,15,0,0,0,0
1,2.3097564513993536,0,1,3,0,1
1,9.81649931335706,0,1,2,0,1
0,1.7228792666249686,23,1,0,0,0
0,0.8943618238465447,10,0,0,0,0
1,3.4658976783545232,7,0,4,2,1
0,1.0047653638607255,17,0,1,0,0
1,3.694796033668933,6,0,1,4,1
0,0.5194366184526742,7,0,0,0,1
0,0.7372863511216163,16,0,1,0,0
0,0.976405498337773,19,0,0,0,0
0,1.4782664948565507,12,0,2,0,0
1,4.8173573468569995,5,1,1,4,1
0,3.2841855240023,3,1,3,2,1
1,6.73419789691655,8,0,1,1,1
0,1.3651254260340089,15,0,1,0,0
1,1.146737781052903,4,1,2,0,0
1,14.789173371193025,1,1,2,0,1
0,0.2890997220671156,14,0,3,0,0
0,0.996311171582473,3,1,2,0,0
1,4.599641407198341,6,0,1,5,1
1,0.9580994955171149,22,0,1,0,0
0,0.5019278832889293,8,0,2,0,0
0,0.7622768798391757,12,0,2,0,0
1,6.210789656034803,2,1,2,0,1
0,0.9935514973589896,12,0,1,0,0
1,0.686085063471364,14,0,1,0,0
0,0.6192603154069143,12,0,3,0,0
0,1.1250021371235388,18,0,0,0,0
1,6.13419824344846,22,0,5,3,1
0,0.7571400215025581,17,0,0,0,0
1,3.366416298024581,3,1,3,1,1
1,3.1504906865961355,12,0,4,0,1
0,4.463229951135804,1,1,1,2,1
1,1.3163860362347504,22,0,0,0,0
0,1.221264885890928,6,0,1,0,0
0,0.6752624854822191,12,0,1,0,0
0,8.22239583405158,6,0,1,1,1
1,0.6651907773797612,9,0,0,0,0
0,0.8729847499571295,19,0,2,0,0
0,1.4605585262004075,15,0,1,0,0
0,0.9559055129050568,7,0,0,0,0
0,1.3267185526781278,23,1,5,1,1
0,0.9149411747747912,8,0,2,0,0
0,0.7947298839007113,23,1,2,0,0
0,2.1894591570223625,6,0,1,0,0
0,0.3991704004709689,15,0,1,0,0
0,2.3622285703294423,5,1,2,0,1
0,16.503467901515723,14,0,4,1,1
1,1.464531198270058,9,0,1,0,0
1,0.6065352751827494,10,0,1,0,0
0,1.119724483232193,10,0,1,0,0
1,1.051209206865915,13,0,0,0,0
0,5.749927335008769,1,1,3,0,1
0,0.9246170337727402,21,0,0,0,0
0,0.939392200625644,5,1,1,0,0
0,1.8108877530974734,13,0,1,0,1
0,1.2030132109114613,7,0,0,0,1
0,1.2756619502438644,16,0,1,0,0
1,0.47973808578472626,11,0,0,0,0
0,1.16946451825359,18,0,4,0,0
0,0.716787255009168,22,0,1,0,0
0,0.6136047752940704,16,0,1,0,0
0,2.3508272977815605,13,0,1,0,0
1,1.6129486400660071,16,0,2,0,0
0,0.7556700888572452,23,1,1,0,0
0,0.9053356999686205,4,1,0,0,0
0,0.6748722580264261,20,0,0,0,0
0,0.6613946597046118,2,1,2,0,0
0,0.5092590791844794,7,0,1,0,0
1,2.831303746444277,19,0,2,3,1
1,2.3928209610127706,15,0,2,0,1
0,0.613104159402701,13,0,2,0,0
0,1.8204164312390647,1,1,2,0,1
0,0.675232624919667,5,1,3,0,0
1,3.3482079610493702,0,1,3,2,1
0,1.8484621663845406,23,1,4,0,0
0,2.112734288526305,16,0,1,0,0
1,2.5737562189352885,0,1,3,0,1
0,2.7426804009300003,3,1,3,0,0
0,1.9541198612574082,20,0,3,0,0
0,0.7882781392847019,12,0,2,0,0
0,0.912858495518656,23,1,1,0,0
0,0.6051486961346452,14,0,1,0,0
0,0.8908939876086197,17,0,0,0,0
1,1.869147713036032,12,0,0,0,0
1,7.119329641384239,2,1,4,0,1
1,1.3898137303296858,17,0,0,0,0
0,2.129605682373596,23,1,4,3,0
0,0.7358188784176738,10,0,2,0,0
0,1.5965695924477257,13,0,1,0,0
1,0.8707938213292158,4,1,1,0,0
0,2.746839560978785,21,0,3,0,0
1,2.855159008081678,0,1,1,0,1
1,1.4317003650704994,17,0,1,0,0
0,1.6161317446987886,11,0,0,0,0
0,0.34764437809660753,14,0,1,0,0
0,1.0134149345257868,7,0,1,0,0
1,3.1887249901248516,9,0,2,0,1
0,2.2301995372869072,18,0,1,0,0
0,6.572745567577776,0,1,3,3,1
1,4.688974507718989,0,1,3,2,1
1,6.0283284051624095,6,0,3,5,1
0,1.0675668573075432,18,0,1,0,0
1,6.966751759013316,0,1,1,0,1
0,1.3182440556930952,23,1,3,0,0
0,0.6776752133732523,5,1,3,0,1
0,0.6877399881470736,12,0,1,0,0
1,2.7061846840386443,3,1,1,2,1
1,3.2219747501057,18,0,2,0,1
1,3.4438927129666315,6,0,3,4,1
1,4.413874996529986,11,0,1,2,1
0,1.070716716910528,0,1,0,0,1
0,0.604849283331091,10,0,2,0,0
0,2.2436518775083547,14,0,2,0,0
1,4.101674527759274,1,1,1,2,1
0,1.0032152772127503,0,1,2,0,0
0,0.549053955296764,20,0,3,0,1
0,1.6143051682994058,7,0,2,0,0
0,0.653267494261755,9,0,1,0,0
0,2.4426465955333847,16,0,4,0,1
0,2.43398566223142,21,0,0,0,0
0,0.45760954791546504,12,0,2,0,0
1,5.21837627168243,17,0,4,0,1
0,0.6829126395990728,6,0,1,0,0
1,3.2587805034346267,21,0,3,0,1
1,6.467538605712441,0,1,3,0,1
0,0.9076978039357363,16,0,0,0,0
1,1.427579118701527,8,0,3,0,0
0,0.6269832882526637,16,0,3,0,0
0,0.8674686481265965,17,0,0,0,0
0,2.3731844294861575,9,0,0,0,0
0,1.2714616547583293,8,0,1,0,0
0,1.0603665665409616,14,0,1,0,0
1,1.8386535455494608,19,0,1,0,1
1,2.844221548447583,0,1,0,1,1
0,1.8773344526984943,8,0,1,0,0
0,4.774788405976918,4,1,3,5,1
0,1.2392206767735618,12,0,1,0,1
1,3.619220671283423,20,0,1,0,0
0,0.4618616325489352,21,0,1,0,0
0,0.7447103336277655,16,0,0,0,0
0,6.208466490025661,2,1,3,0,1
0,2.0199707428006293,19,0,3,0,0
0,1.2591355614200082,23,1,2,0,0
1,1.5709625948833388,15,0,2,0,0
1,2.897675561133871,23,1,1,5,1
0,0.2813333531899214,5,1,1,0,0
0,9.123413114107494,0,1,4,3,0
1,1.598876642315621,8,0,3,4,0
0,1.00604478673202,15,0,0,0,0
0,0.6653216617896649,14,0,0,0,0
0,1.1427023307981952,18,0,0,0,1
0,0.7377727899284922,11,0,5,0,0
0,2.552481312893894,12,0,2,0,0
0,1.7459454643169703,20,0,0,0,0
0,1.0884307016606847,0,1,2,0,0
0,0.2865147209734148,17,0,1,0,0
0,0.4827332489476603,2,1,4,0,0
0,0.6104981882633356,11,0,2,0,1
1,0.7941863549631428,9,0,2,0,0
0,1.231200399407297,11,0,3,0,0
0,8.976188067193199,20,0,5,0,1
1,1.7656249046859798,0,1,1,0,1
0,0.5296046045759184,20,0,1,0,0
0,0.26557601578819673,12,0,0,0,0
1,1.5217594954103912,11,0,2,5,1
1,1.825480852993063,16,0,3,0,0
0,1.6675495406631482,19,0,2,0,0
0,0.5395291087062363,13,0,0,0,0
0,2.0645368492620717,21,0,0,0,0
0,0.8136960089554429,7,0,1,0,0
0,4.022995684999665,4,1,3,1,1
0,3.119555906039539,3,1,5,0,1
1,0.7145102520425098,5,1,3,0,0
0,1.107903689625901,17,0,0,0,0
1,29.443800301502645,6,0,0,5,1
0,1.15726519397503,16,0,1,0,0
1,10.784155102901664,0,1,5,2,1
0,7.122731672598074,21,0,2,5,1
0,0.6550717128019199,10,0,2,0,0
0,1.4423225374793016,9,0,0,0,0
0,0.5632843922176827,19,0,0,0,0
1,0.39096293410270017,5,1,2,0,0
1,4.7090220112043975,3,1,2,1,1
1,2.8249336473521,1,1,1,0,1
0,1.3146377504277824,17,0,1,0,0
1,1.613581327101848,9,0,5,0,1
1,4.470028362999637,1,1,1,0,1
0,0.800742795805248,13,0,1,0,0
1,1.8657579503026498,1,1,4,2,1
1,4.650020310002036,0,1,2,1,0
1,1.260525856353919,11,0,1,0,0
1,1.535741954246253,4,1,1,0,0
1,5.764644213539837,4,1,2,2,1
0,1.6020367293732767,5,1,1,0,0
1,9.555928816795022,22,0,2,5,1
0,1.8692936907268873,2,1,1,0,1
0,0.7679310967027971,11,0,0,0,0
0,1.376523584087849,23,1,4,0,0
0,1.9776931998111031,2,1,0,0,0
1,8.034412884941188,0,1,0,0,1
0,1.3615241446343256,18,0,2,0,0
1,3.388241871005042,8,0,7,0,1
1,6.354838394757037,0,1,4,0,1
1,1.8680801778454295,7,0,8,0,1
0,1.1180219515531593,12,0,1,0,0
1,4.28628578971667,0,1,1,1,1
1,1.6987661823397924,0,1,1,0,0
0,0.8861945158884044,21,0,3,0,0
0,0.9705315764677064,15,0,2,0,0
1,4.2360584290446255,0,1,6,2,1
1,9.70580657459205,5,1,3,2,1
0,0.7912342692096274,9,0,2,0,0
0,0.9110267650031747,10,0,2,0,0
0,8.163265603564527,12,0,3,1,1
1,0.6477132017933177,12,0,2,0,0
0,1.0133689184151673,4,1,2,0,0
0,2.4388606105864303,3,1,2,0,1
1,1.6690793830639226,23,1,4,1,1
0,0.7828023108365345,19,0,0,0,0
0,1.560524919474497,17,0,3,0,0
0,0.6877162222410799,2,1,1,0,1
0,0.6063712588827821,12,0,0,0,0
0,0.7599228221397515,20,0,1,0,0
0,1.2092912540481329,11,0,3,0,0
0,2.2019776439837173,12,0,2,0,0
0,0.6562552165374891,13,0,3,0,0
0,1.0172256512639108,16,0,2,0,0
0,1.0757820579671098,16,0,2,0,0
0,1.3949898412821335,15,0,2,0,0
0,1.5637810899385667,13,0,0,0,0
0,2.575624125248795,4,1,0,0,0
1,1.0916362412632796,0,1,3,0,1
0,1.411328189686264,5,1,2,0,0
0,1.4647243330436912,0,1,1,0,0
0,1.145734449047907,21,0,1,0,0
0,2.0227825292879595,8,0,2,0,0
0,0.9668078404513507,10,0,1,0,0
1,1.717537937362253,15,0,2,0,0
1,6.331385407153827,0,1,1,0,0
0,0.6780167444036528,13,0,0,0,0
0,1.1720555518857647,23,1,1,0,0
0,0.617202331401454,11,0,1,0,0
0,0.45915934327163527,15,0,2,0,0
0,2.8487759916395445,12,0,1,0,0
0,1.0413738408386872,14,0,0,0,0
1,1.3918552291295345,2,1,1,0,0
0,0.33051815624151415,14,0,0,0,0
1,7.764862258446563,4,1,3,2,1
1,1.7417935899152268,13,0,1,0,0
0,1.3714451511446668,13,0,2,0,1
0,0.9162335144507203,15,0,0,0,0
0,0.6203968602344831,18,0,1,0,0
0,0.8053902747301904,8,0,1,0,0
0,2.170215257982222,14,0,0,0,0
1,4.34066248326506,0,1,1,4,1
0,0.929688933359526,18,0,1,0,1
1,3.057769531044388,7,0,3,0,1
1,1.1617698119416817,18,0,0,0,0
0,0.4451105295526806,23,1,1,0,0
0,2.505397951802644,17,0,2,0,0
1,2.323952600520557,0,1,7,0,1
0,0.46091943625290316,20,0,0,0,0
1,0.8916814519993022,12,0,1,0,0
1,4.41144750662684,0,1,4,0,1
0,1.5483211489664266,19,0,2,0,0
1,0.7177837958121936,16,0,1,0,0
0,0.45647642459193477,2,1,0,0,0
1,9.379016590727943,0,1,2,0,1
1,0.5454281772048843,14,0,1,0,0
0,0.3904719223863135,17,0,0,0,0
0,4.450391050804953,0,1,6,0,1
0,0.7491360330678112,16,0,0,0,0
0,0.7462421669276621,17,0,1,0,0
0,3.154862031116718,6,0,2,0,1
0,0.45659193499529416,11,0,2,0,0
1,4.872261244805033,0,1,3,3,1
1,1.2901978770994034,20,0,3,4,1
0,1.3530966645961335,12,0,4,0,1
1,1.7550931998826205,3,1,3,0,1
0,1.9678031601850945,19,0,1,0,0
1,0.4114022554409284,17,0,1,0,0
1,3.606403472004146,0,1,3,0,1
0,3.069332637976009,22,0,2,0,0
0,1.1873031833666683,23,1,1,0,0
1,7.781388868407366,9,0,3,1,0
0,1.763161518767646,7,0,1,0,0
0,1.9431600379566685,16,0,6,0,1
0,0.4318349311858834,12,0,1,0,0
1,6.392507210355211,0,1,2,3,1
0,1.1511504142278428,23,1,2,0,0
1,4.339368037024014,5,1,1,1,1
0,1.447309529762379,9,0,0,0,0
1,0.8043844263419326,14,0,0,0,0
1,0.6873534270823392,16,0,1,0,0
0,1.2625890143341538,7,0,2,0,1
0,1.0946995901249015,13,0,1,0,0
0,1.6510849916800263,20,0,0,0,0
1,0.6622332986990626,17,0,1,0,0
0,0.6622890084671577,15,0,1,0,0
1,7.449776115272873,14,0,0,3,1
1,1.4545964492747916,9,0,4,0,0
1,4.478012835736318,4,1,0,2,1
0,1.1612059489865227,19,0,1,0,0
0,2.528443980176435,21,0,3,0,0
0,2.079158412074603,0,1,2,0,0
0,0.8290948367221695,16,0,1,0,0
0,1.7288460836485502,18,0,1,0,0
1,4.173350588291486,6,0,1,0,0
1,4.872808892498806,0,1,5,0,1
0,8.019064835633698,0,1,0,0,1
0,4.263834251593746,3,1,3,0,1
0,2.508507069393028,9,0,1,0,0
0,0.5594603801928912,7,0,0,0,0
1,20.651577815173486,0,1,3,0,1
0,0.9828098411458852,12,0,0,0,0
0,1.9507028215328757,6,0,2,0,0
1,1.0823650614869387,6,0,2,0,0
1,2.352202262845551,0,1,2,0,1
0,2.8777761293356376,9,0,0,0,0
0,1.9205704796124967,16,0,1,0,0
0,1.0036127416928349,11,0,1,0,0
0,0.8554071531938451,21,0,1,0,0
1,2.4564782722533387,14,0,2,0,1
1,6.372086106162498,3,1,0,0,1
0,1.099572751270726,15,0,2,0,0
0,1.359778779032539,8,0,1,0,0
1,0.30727282067502487,13,0,1,0,0
1,1.5537562808092036,9,0,0,0,0
0,0.56642493650484,11,0,0,0,0
0,1.1912642797715944,14,0,1,0,0
1,3.778357372991662,5,1,2,0,1
0,1.3701098404575927,21,0,0,0,0
0,0.6000941160541069,13,0,1,0,0
0,0.9507035716578129,8,0,1,0,0
1,1.030937708759371,15,0,1,0,0
0,3.9872671350428783,1,1,4,0,1
0,3.083155930349911,18,0,2,0,0
0,0.9071012460079746,20,0,1,0,0
1,1.103571375276771,12,0,0,0,0
1,8.295262583588226,6,0,0,2,1
1,4.097138857621015,1,1,5,2,0
0,3.781963684713149,12,0,3,2,0
1,2.91901336305733,0,1,2,3,1
0,1.1004844397197668,14,0,1,0,1
0,0.6312349276386149,13,0,3,0,0
1,1.2666299789835203,19,0,1,0,1
0,3.090811441344825,1,1,2,2,1
1,4.4496701072513885,6,0,1,1,1
0,1.6202999954659683,21,0,1,0,0
0,0.9773787531916048,4,1,1,0,0
1,0.7217782756425376,15,0,0,0,0
1,1.5917216333390067,15,0,5,3,1
1,1.067186105058517,10,0,4,0,0
1,2.548363523644419,14,0,1,0,0
0,1.160634210013016,23,1,1,0,0
0,0.840814416608778,10,0,3,0,1
0,4.236260761394812,3,1,2,5,1
0,1.9434802228665127,19,0,2,0,0
0,1.326526696954989,4,1,1,0,0
0,1.0201155284937664,18,0,0,0,0
0,3.492372575148137,0,1,5,4,1
1,5.304269670992079,5,1,3,0,1
0,4.539638599171236,19,0,1,2,1
0,6.099974492302779,2,1,2,0,1
1,9.239322636351893,11,0,4,0,1
0,1.415625119011203,18,0,2,0,1
1,0.9975700978926029,10,0,2,0,0
0,1.274664604578536,23,1,2,0,0
0,0.7626228260620042,11,0,1,0,0
0,0.9972591329163185,21,0,0,0,0
0,4.325351972242554,21,0,4,0,0
1,1.4606716585528072,10,0,3,0,1
0,1.0266550958272092,23,1,1,0,0
1,6.600601939168461,11,0,2,3,1
0,0.8506005747832421,14,0,4,0,1
0,3.850890844074185,10,0,3,5,1
0,0.7371895569482767,20,0,2,0,0
0,1.4531425376207903,1,1,1,0,0
0,0.7335778944215785,16,0,0,0,0
0,1.0289922425515632,13,0,3,0,0
1,4.372634442961524,5,1,6,0,1
0,1.0036157494703035,9,0,1,0,0
0,0.8264815757597842,19,0,4,0,0
0,0.7582635543614697,8,0,1,0,0
0,2.487104328215937,2,1,0,0,0
1,1.2102721688389773,10,0,1,0,0
0,0.6997964798159382,9,0,0,0,0
1,1.3631287419045992,9,0,4,0,0
0,0.6582630141443698,9,0,1,0,0
0,1.8420228322393106,1,1,2,0,0
0,1.255163616669653,23,1,0,0,0
1,1.3078929059094673,3,1,2,0,0
0,1.6556465841209838,17,0,1,0,0
0,0.6534615322091244,20,0,1,0,0
1,7.1883258502686145,4,1,3,2,1
1,5.24432360363138,11,0,3,1,1
1,6.224884083855589,5,1,3,3,1
0,6.17913668360917,15,0,2,4,1
1,0.6109812534484869,17,0,2,0,0
0,1.7905886018748842,23,1,2,0,0
0,3.278228794983237,16,0,0,0,0
1,8.650791421111348,0,1,0,4,1
0,1.2211156992849053,12,0,4,0,1
0,1.0970495983834692,10,0,2,0,0
1,9.270297260331402,0,1,2,0,1
1,1.5225152151543413,12,0,1,0,0
0,0.7666472814227827,15,0,1,0,0
0,1.22974882687316,4,1,2,0,0
1,4.189296784335459,4,1,0,0,1
0,0.8759484586347698,14,0,0,0,0
0,0.4547995975685168,18,0,0,0,0
0,0.7533533205755666,15,0,0,0,0
0,1.5749076704671612,7,0,0,0,0
0,1.867526385786181,20,0,1,0,0
0,0.7814446767346094,11,0,1,0,0
0,0.7482988014038476,9,0,1,0,0
1,5.792392361943029,14,0,2,0,1
0,0.9485341918791252,15,0,1,0,0
0,1.0738097813198362,8,0,2,0,0
0,10.565108670527582,6,0,1,4,1
0,1.9001304912411232,11,0,0,0,0
0,2.38649084421435,18,0,0,0,0
1,5.70624220108583,0,1,1,3,1
0,0.5193649961494354,19,0,0,0,0
1,2.3443106033617744,1,1,3,2,1
0,1.085215956784161,20,0,3,0,0
0,0.9558588840286445,0,1,2,0,0
1,3.276135445273896,0,1,1,2,1
0,0.5387528041432581,0,1,3,0,0
0,4.313810752574859,9,0,0,0,0
1,9.533241195170437,5,1,4,1,1
0,4.34368537662743,3,1,4,3,1
1,3.811955968989766,11,0,1,0,1
0,1.2599586586809872,3,1,2,0,0
1,1.1141617608183452,10,0,1,0,0
0,0.49894659309946215,18,0,2,0,0
0,0.8131404004934322,4,1,2,0,0
1,2.86391884139189,12,0,3,3,1
1,6.411431418546059,21,0,3,1,1
0,0.6664826018266798,6,0,0,0,0
1,2.018579975667726,4,1,2,2,1
0,0.6627542563753979,18,0,2,0,0
0,0.7917473444935652,2,1,1,0,0
0,0.8840893050768385,21,0,1,0,0
0,0.6876244486320642,22,0,0,0,0
0,1.5333883223442824,12,0,2,0,0
0,1.1538422626640439,15,0,2,0,0
0,0.8032733310401875,10,0,2,0,0
1,2.9629145413208615,12,0,1,0,0
0,0.8123172142443478,23,1,1,0,0
1,7.435040028370579,0,1,2,0,0
0,1.6319778278574837,11,0,1,0,0
0,1.3096900839912144,11,0,2,0,0
0,1.7704772472616603,9,0,2,0,0
1,1.4127225107820638,13,0,1,0,0
1,0.8291352878329334,0,1,0,0,0
0,1.9711123579985004,21,0,2,0,0
1,0.7788879072725347,16,0,1,0,0
0,0.7312695792487529,12,0,1,0,0
0,1.7052241905259709,9,0,2,4,1
0,0.7421796668567102,22,0,1,0,0
0,1.3722058660318974,23,1,2,0,0
1,1.9029075424496769,17,0,1,0,0
1,0.9294382924508326,19,0,2,0,0
1,1.0666132828656674,4,1,2,3,1
1,6.123277466747402,0,1,5,4,1
0,1.188037103523849,8,0,2,0,0
0,1.4446611053380538,13,0,2,0,0
0,0.905024321930585,17,0,2,0,0
0,1.2327525778716717,15,0,2,0,0
1,0.969997749729429,17,0,1,0,0
0,0.8540547299766114,13,0,3,0,0
1,6.2324893021852334,0,1,1,4,1
0,3.138437298264547,14,0,0,0,0
1,9.892458204040972,8,0,1,1,1
1,3.6500446044256476,0,1,2,0,1
0,4.5459097128859405,0,1,3,1,1
1,2.6810418530450435,0,1,5,1,1
0,1.1319861904143134,17,0,2,0,0
1,1.166987076535548,17,0,0,0,0
0,0.5189135714844146,11,0,1,0,0
1,0.6328085538318516,13,0,2,0,0
1,0.8363964714819542,8,0,1,0,0
0,1.8656013833626526,13,0,1,0,0
0,0.5175715151839071,10,0,0,0,0
0,3.371096145163257,5,1,1,1,1
1,2.5832630294101304,16,0,1,0,1
1,0.28134242630125583,6,0,2,0,0
1,2.1769615414699106,11,0,2,1,1
1,1.917209076350844,0,1,4,0,1
0,0.685351551697312,15,0,0,0,0
0,1.2522070861562309,8,0,1,0,0
1,6.670547089001538,13,0,2,0,1
0,0.6366956086415345,9,0,1,0,0
0,2.4385006738849624,17,0,0,0,0
1,1.7424311839244226,14,0,0,0,0
0,0.9149252942718411,8,0,0,0,0
0,0.7625458553043948,19,0,1,0,1
0,1.4949487368958976,14,0,1,0,0
1,3.244107607541319,12,0,4,0,1
0,1.6327253022634065,18,0,0,0,0
1,1.3412859673210629,6,0,3,0,0
0,1.0680227284358015,18,0,1,0,0
0,0.9969084414843848,10,0,0,0,0
0,0.8139350487591941,23,1,0,0,0
0,2.167435655234952,11,0,1,0,0
0,1.3098748486116447,17,0,0,0,0
1,6.41738903248276,0,1,2,0,1
1,1.213525020823899,8,0,0,0,0
1,0.8158931514955866,18,0,1,0,0
0,2.4020529733737868,9,0,1,0,0
0,1.7791687233637454,9,0,0,0,0
1,0.9600373776603955,12,0,0,0,0
0,0.6112978964228606,23,1,0,0,0
1,1.1360946958844595,23,1,1,0,0
0,0.764511304703838,19,0,3,0,0
0,0.5827393973383946,23,1,1,0,1
0,0.8891745460816394,14,0,2,0,0
0,1.0129199777436233,23,1,1,0,0
1,5.299871540371994,6,0,2,2,1
0,1.8081130188562422,7,0,2,0,1
0,5.040922073557626,1,1,0,3,1
0,1.2745663126710656,12,0,2,0,0
0,1.0376026849834534,10,0,1,0,0
0,0.664181220743517,15,0,1,0,0
1,0.8198801114525867,17,0,1,0,0
1,14.280353775994184,0,1,2,2,1
1,1.128491430165523,10,0,3,1,1
0,0.756975306785025,15,0,2,0,0
0,1.6898405484309944,16,0,2,0,0
0,0.5328945422592481,16,0,4,0,0
1,0.5719784682073296,11,0,2,0,0
1,5.295240974803268,3,1,2,1,1
0,1.491885369715896,23,1,4,0,0
0,1.189275238153773,7,0,1,0,0
1,5.721791273461065,5,1,3,2,1
0,2.357826263596143,23,1,1,0,0
0,0.9410452494322634,3,1,0,0,1
0,0.6412779399472702,3,1,0,0,0
0,0.8651673912183128,14,0,0,0,0
0,1.8142911131299229,13,0,0,0,0
0,1.2867295404728656,6,0,0,0,0
1,0.9131772921505907,4,1,3,0,0
0,1.787571069864664,10,0,2,1,1
1,3.0047084633686225,5,1,3,1,1
0,0.8249630687902606,4,1,0,0,0
0,0.4101890866266026,15,0,0,0,0
0,1.0808330886804882,10,0,1,0,0
0,1.209263684921887,15,0,1,0,0
0,1.7221182938202353,6,0,3,0,0
0,1.1616993153867898,16,0,2,0,0
0,0.3324956889649336,10,0,1,0,0
0,0.8690972728725018,16,0,0,0,0
0,1.472476372323997,9,0,0,0,0
0,0.8354115182282543,18,0,1,0,0
1,9.135289601025754,12,0,3,0,1
0,1.5427875954813084,15,0,0,0,0
1,2.547275239184477,15,0,2,0,0
1,2.405174451001243,6,0,2,2,1
0,1.4152720406253188,3,1,3,4,1
0,3.865568409731313,1,1,1,3,1
1,4.201859234216802,7,0,4,2,1
0,1.4128953652319343,20,0,0,0,0
0,1.323229705001635,13,0,1,0,0
0,0.5227146763380479,21,0,0,0,0
0,1.33421101489604,19,0,2,0,0
1,5.702846752673005,2,1,0,0,1
1,0.7872838825924587,12,0,2,0,0
0,1.294388053840046,4,1,1,0,0
1,5.472611587006062,6,0,3,1,1
0,1.8242866944742233,6,0,1,0,0
0,1.0284016626955688,22,0,1,0,0
0,0.4084950387797066,15,0,1,0,0
0,1.9524755231011328,10,0,0,0,1
0,0.689437323555766,22,0,0,0,0
0,0.7809154129571225,16,0,0,0,0
1,3.399474283189222,6,0,6,0,1
1,2.4301084290579156,6,0,1,0,1
0,1.1309863647786915,23,1,1,0,0
1,4.43555650401031,15,0,5,0,1
0,0.39369192220719573,17,0,1,0,0
0,0.771793164395963,20,0,0,0,0
0,1.2803200165833637,14,0,1,0,0
0,2.588019418513631,0,1,3,3,1
1,1.2011499646330728,1,1,0,0,0
0,0.7566424638803253,3,1,0,0,0
0,0.741842121908014,11,0,1,0,0
1,4.677814227894304,0,1,5,0,1
0,0.7691523171471165,16,0,0,0,0
1,2.9429520078278393,2,1,4,0,1
0,0.5777183358658688,17,0,3,0,0
1,2.9427280532112436,7,0,4,0,1
1,8.982369453198087,9,0,2,0,1
1,1.689574011872454,10,0,1,0,0
0,2.011597111290353,21,0,4,0,0
0,0.9617600853505021,12,0,5,0,0
0,0.7825000821793221,14,0,2,0,0
1,1.3927762748858332,23,1,0,0,0
0,0.9765215248024947,20,0,1,0,0
0,1.6274543319235584,6,0,2,0,0
1,0.41275616699390294,9,0,2,0,0
1,0.7685471625594774,14,0,0,0,0
1,1.7080270118821788,2,1,5,0,1
0,5.052183541211159,0,1,2,0,1
0,0.5571961199871243,18,0,1,0,0
1,1.097471130916779,18,0,2,0,0
1,9.143682870197354,5,1,1,0,1
0,0.2895641959304997,13,0,0,0,0
1,0.7087686865379411,19,0,2,0,0
0,0.9170699901475893,7,0,0,0,0
0,1.832465993882599,14,0,2,0,0
1,2.320488806911474,14,0,0,0,0
0,0.6560184738972266,7,0,1,0,0
0,0.5992596611104571,11,0,1,0,0
0,1.2240189812474018,11,0,0,0,0
0,0.9260356444214934,14,0,0,0,0
1,0.7325160139128817,10,0,1,0,1
0,2.0516196209500968,11,0,0,0,0
1,0.42637648002462386,16,0,0,0,0
0,0.7092832208679646,5,1,0,0,0
0,1.7192108721821522,7,0,1,0,0
0,0.40489853363382633,9,0,1,0,0
1,2.2255887348444054,5,1,1,0,1
0,0.6324731559041599,7,0,2,0,0
0,0.8588050081490363,13,0,2,0,0
0,6.426776641988081,5,1,6,3,1
0,1.6460794059355655,17,0,4,0,0
1,9.36689052861728,0,1,1,0,1
0,1.2303198527774373,19,0,2,0,0
0,1.2720430517105072,15,0,0,0,0
0,2.101346169538376,19,0,2,0,0
0,0.9035074061211988,17,0,1,0,0
1,0.7544316319844288,23,1,1,0,0
0,2.4149544094819095,21,0,1,0,0
1,6.383559440763704,2,1,4,2,0
0,1.0519101299673077,4,1,0,0,0
1,3.654222050570713,8,0,10,1,1
1,0.8877306784838598,13,0,0,0,0
0,2.7948558244060555,10,0,2,0,0
0,1.9721729205715373,2,1,2,2,1
0,4.481881662947544,0,1,1,3,1
1,0.830811536183791,16,0,1,0,0
0,0.8857574837075733,8,0,3,0,0
0,0.8714973562244788,23,1,1,0,0
0,0.5375673690717716,6,0,0,0,0
0,1.2246070850558448,20,0,2,0,0
0,1.2847224673586908,23,1,0,0,0
0,0.720760899125984,18,0,1,0,0
1,0.7559740076759364,11,0,0,0,0
1,3.6722523876162727,0,1,1,4,1
0,1.1506688516957269,11,0,2,0,0
0,1.420026337778376,15,0,3,0,0
1,3.650670431051007,20,0,7,3,1
1,11.036946209187766,8,0,2,3,1
1,2.365551000516718,7,0,2,0,1
0,0.5704603604048138,11,0,3,0,0
1,1.0139608953624544,11,0,0,0,0
0,2.98300709261654,14,0,1,0,0
1,0.7190826713746046,14,0,2,0,0
0,1.9196925947693289,23,1,2,0,0
1,3.921802469849156,15,0,3,0,1
1,19.11162865220433,4,1,3,0,1
0,6.045852354836666,2,1,2,3,1
1,3.299773736114893,0,1,4,0,1
0,0.536307635921838,5,1,3,0,0
1,12.95523944910353,4,1,2,0,1
0,0.3626798791508767,12,0,2,0,0
0,1.5266298950449422,13,0,0,0,0
1,3.518884264142354,3,1,2,4,1
0,0.6103101177088562,9,0,3,0,0
1,0.9471279471810483,13,0,0,0,0
0,2.0251798125520777,20,0,1,0,0
1,0.7765460155909157,13,0,1,0,0
0,1.7907844566199245,14,0,1,0,0
0,1.1054854605243034,17,0,1,0,0
0,0.7812918650872938,23,1,0,0,0
0,0.29907708617791723,5,1,0,0,0
1,2.5342666149269517,3,1,4,1,1
0,1.5370761876607235,5,1,2,0,0
0,0.8258384412394756,23,1,1,0,0
0,1.3198817177234923,15,0,0,0,0
0,1.0210231107655106,14,0,0,0,0
0,0.44934424808645673,10,0,0,0,0
0,0.44269631059762166,17,0,1,0,0
0,5.326565939738288,1,1,3,0,1
0,1.0758580491798644,11,0,0,0,0
0,1.2127023821134038,8,0,1,0,0
1,1.1289052926910004,9,0,1,0,0
1,2.117532629369768,0,1,2,0,0
0,0.892772612892499,16,0,0,0,0
0,9.231863132331524,0,1,3,0,1
0,1.7180857341984803,14,0,1,0,1
0,0.9653475293614067,15,0,4,0,0
1,0.8389846494628417,9,0,2,0,0
0,2.0146408275519745,12,0,1,0,0
1,4.356657633350602,6,0,3,0,1
1,5.191003619887919,9,0,2,0,0
0,0.9732563876163459,15,0,1,0,0
1,0.7024452961482407,20,0,0,0,0
0,1.1156859566819108,8,0,1,0,0
1,1.2422845661238076,15,0,1,0,0
1,1.026388906008503,7,0,0,0,0
0,1.315887926705748,7,0,2,0,0
0,0.9902285724424056,12,0,1,0,0
0,0.35267755638364245,8,0,2,0,0
1,2.8643041601689365,16,0,2,0,1
1,1.070672824440946,7,0,1,0,0
0,1.617824380383448,22,0,1,0,0
1,2.03280576314265,4,1,2,1,1
0,1.5396811805133186,14,0,0,0,0
1,3.02206333056524,19,0,1,0,0
1,1.3206035644193297,12,0,1,0,0
1,0.7883948395523199,2,1,0,0,0
0,9.235411927328213,2,1,5,1,1
0,0.8112390288556403,9,0,0,0,0
0,1.5320214601360715,10,0,0,0,0
0,1.5137297640291625,5,1,0,0,0
1,1.7138120889711794,23,1,1,0,0
1,2.5201709081458166,6,0,5,0,0
0,0.264217495458142,17,0,2,0,0
0,1.0708605124538655,16,0,1,0,0
0,1.0985452381506935,10,0,1,0,0
0,0.9713810184474572,17,0,1,0,1
0,1.2287357448429492,19,0,1,0,0
0,1.596751608233393,23,1,2,0,0
0,0.2695970179687072,13,0,2,0,0
0,0.6128169493393631,14,0,1,0,0
0,1.5143225209099977,23,1,1,0,0
0,1.1403949075747728,7,0,1,0,0
1,0.8360832081208188,10,0,2,0,0
0,1.5302489765393854,6,0,1,0,0
0,1.7394561446565613,9,0,1,0,0
1,2.0204840359796137,20,0,0,0,0
1,0.7314284537679012,22,0,1,0,0
1,2.972276298000341,6,0,1,3,1
0,0.5433846271973173,16,0,2,0,0
1,5.6083348594995845,9,0,3,3,1
0,0.8853572696984398,12,0,3,0,0
0,1.7798241524438334,0,1,1,0,1
0,0.8392827020514934,19,0,1,0,0
0,0.8245714105820068,13,0,1,0,0
0,3.1931053797332014,20,0,2,3,1
0,1.2516746164675685,8,0,1,2,1
0,0.8206799520578424,17,0,1,0,0
0,1.47738937538833,6,0,2,0,0
0,2.8656466125050635,8,0,0,0,0
0,0.4616723687603279,11,0,2,0,0
0,0.5695787248606172,14,0,0,0,0
0,0.6628859397130188,12,0,3,0,0
0,0.41991411379395654,17,0,3,0,0
1,11.082817333349213,20,0,2,2,1
0,0.9464772018863479,22,0,0,0,0
1,0.7878543734127453,23,1,3,0,0
1,9.023256756383729,3,1,1,1,1
0,0.7468878952511392,7,0,1,0,0
1,1.0431814270502426,12,0,2,0,0
0,0.8314979109958768,21,0,3,0,0
1,1.4006822518135278,13,0,4,0,1
1,4.105442866674251,7,0,1,0,1
0,1.4389203495970089,13,0,0,0,0
1,1.050360596084757,5,1,0,0,0
0,0.4031109218598623,11,0,0,0,0
1,2.1419431250003487,8,0,2,1,1
0,5.610927249171583,0,1,2,1,1
1,6.13672121635345,0,1,2,0,1
1,4.70113652006054,12,0,1,0,1
0,1.711202011422236,9,0,0,0,0
0,1.3980951856287847,18,0,4,0,0
0,0.4200052612393957,12,0,1,0,0
1,4.809379748687237,0,1,3,1,1
0,1.163064884453285,23,1,2,0,0
0,0.5642245950803001,17,0,0,0,0
0,0.9411469572822383,11,0,0,0,0
0,0.8361568569037002,10,0,0,0,0
0,1.8854982880850664,15,0,0,3,1
0,1.508833793913446,16,0,2,0,0
1,2.9560639628679333,7,0,4,1,1
0,2.4796317269854264,0,1,6,0,1
0,0.9551940193400958,12,0,2,0,0
0,0.5566162829860204,19,0,0,0,0
0,0.8603957543638232,20,0,0,0,0
0,3.9074379900538148,15,0,2,1,1
1,4.9926935813777105,13,0,3,2,1
0,0.7066479064474492,21,0,0,0,0
1,16.84685691088609,8,0,3,0,1
0,0.46169760571268975,16,0,0,0,0
0,3.8937651105644546,3,1,4,0,0
1,1.2100189237714325,15,0,0,0,0
0,0.8387194770605954,17,0,3,0,0
0,12.97697178821077,8,0,4,3,1
0,1.0807979904291882,9,0,0,0,0
0,0.9099420608150949,8,0,0,0,0
0,1.1294146144669364,22,0,2,0,0
0,0.6273173725287126,12,0,1,0,0
0,0.7853865377228691,6,0,0,0,1
1,0.669618145251172,0,1,0,0,0
0,1.0658021971905218,12,0,0,0,0
0,0.42523808021620707,12,0,0,0,0
0,0.706623878199641,20,0,0,0,0
0,0.9174334496488893,13,0,0,0,0
0,1.0345776885104117,10,0,3,0,0
0,0.7582843251662654,12,0,1,0,0
1,0.7810581666352675,15,0,3,0,0
0,0.9468897850986555,9,0,0,0,0
0,1.1368761157869096,21,0,0,0,0
0,1.298798794989827,12,0,1,0,0
0,0.554797658185281,9,0,2,0,0
1,0.576439498485917,8,0,1,0,0
0,1.5893465581953619,14,0,3,0,0
0,1.2891483279727765,7,0,1,0,0
0,1.14587938307103,14,0,2,0,0
0,1.8841221939177912,9,0,2,0,0
0,1.1116825748326866,14,0,1,0,0
0,0.412247542291822,18,0,0,0,0
1,0.9808090320218669,9,0,1,0,1
1,4.858902082966081,6,0,2,0,1
0,0.6557081556632176,16,0,0,0,0
1,1.2391201965982852,14,0,1,0,0
0,0.6156511690696999,19,0,2,0,0
1,0.8787979881985234,16,0,1,0,0
0,0.41642484144849345,12,0,1,0,0
0,0.608703858905623,21,0,1,0,0
1,0.8982018718759609,19,0,1,0,0
1,4.685217665110398,2,1,1,1,1
0,0.717159209141656,16,0,0,0,0
0,0.6004165311390136,1,1,0,0,0
0,0.5249643019754683,23,1,1,0,0
0,0.6821211050958095,8,0,0,0,0
0,0.7825528609797556,14,0,3,0,0
1,3.265721967814793,0,1,0,1,1
0,0.5544638290095089,15,0,2,0,0
1,0.645894120475616,4,1,1,0,0
0,0.8515858556323652,17,0,2,0,1
0,0.801774493245283,13,0,1,0,0
0,1.3355334725096404,7,0,2,0,1
1,0.5959854308963666,13,0,0,0,0
0,1.8207707824184893,11,0,0,0,0
1,0.7705367599840713,19,0,2,0,0
0,0.9344810702024996,23,1,0,0,0
0,1.1305288188040101,23,1,1,0,0
0,0.7391038292279453,6,0,0,0,0
1,7.516763382489177,2,1,1,0,1
1,2.5279439679724454,15,0,0,3,1
0,0.7883015697117939,22,0,0,0,0
1,1.158156649114653,18,0,1,0,0
0,0.3644573648055205,4,1,0,0,0
1,0.9573269141797592,14,0,0,0,0
0,1.7213665004758953,10,0,1,0,0
0,0.8854456087006026,10,0,0,0,0
0,1.0223147800622157,23,1,0,0,0
0,6.89176376065675,1,1,3,0,1
1,6.0697074537493485,0,1,2,2,1
1,1.7921062087912285,8,0,0,0,0
0,7.665300958588809,1,1,2,1,1
1,4.673245658796575,7,0,6,2,1
1,1.6795310172222293,4,1,2,4,0
0,0.7424834786290879,17,0,3,0,0
0,5.0103195064982025,14,0,1,0,0
0,0.5126278970283646,6,0,1,0,0
1,0.8976059241730119,16,0,1,0,0
0,1.3340735353376614,16,0,1,0,0
1,2.7709786918976813,0,1,2,0,1
0,1.7950127967679599,18,0,3,0,0
1,0.60394749056838,13,0,1,0,0
1,2.323379596723587,13,0,4,4,1
1,0.7968705125835396,16,0,1,0,0
1,2.3595212638808793,9,0,1,5,1
0,2.0870383143356555,12,0,1,0,1
0,1.1481329366447397,16,0,0,0,0
0,1.5050946748983065,3,1,0,0,1
0,0.4435067558511405,23,1,0,0,0
0,9.030024206238995,11,0,3,0,1
0,0.6179700796248674,13,0,2,0,0
0,0.48243977288091217,20,0,2,0,0
1,1.9465145499385919,14,0,2,0,0
0,0.48811197157307334,12,0,3,0,0
1,5.712069023350955,3,1,3,0,0
0,2.196228527048399,17,0,1,0,1
0,1.0119633246224569,12,0,1,0,0
0,1.0151483932529939,13,0,0,0,0
0,1.2656276266646478,15,0,2,0,0
0,1.1464599290153639,19,0,1,0,0
1,1.0552623455505648,2,1,2,0,0
1,3.4428140324998586,0,1,6,2,1
0,1.035876692956252,13,0,0,0,0
0,0.47368970146788364,17,0,2,0,0
0,0.4352807790593914,13,0,1,0,0
0,1.1015895073824105,11,0,1,0,0
1,0.8409541607921855,14,0,2,0,0
0,0.8651756779972908,6,0,2,0,0
0,0.8665693492184956,7,0,1,0,0
1,2.970271918611887,3,1,3,4,1
1,0.8207812604606226,21,0,1,0,0
0,0.7913520074065652,5,1,1,0,0
0,1.216655662863861,13,0,1,0,0
0,0.4997507463294073,14,0,1,0,0
0,1.2577014941730227,14,0,1,0,0
0,1.1805704415745106,20,0,1,0,0
0,1.1493530661803935,21,0,0,0,0
1,2.6630590467305795,6,0,3,2,1
1,0.8642554798842622,12,0,0,0,0
0,2.9020174029597037,4,1,3,0,1
0,1.4436435258450144,22,0,2,0,0
1,2.6843753207015233,5,1,1,0,1
1,1.1169404907110565,6,0,1,0,0
0,0.6802061217609326,21,0,0,0,0
0,1.4844455807137356,17,0,0,0,0
0,0.6739614607261432,14,0,3,0,0
0,0.9958249260967286,18,0,0,0,0
0,5.461008331181375,11,0,1,0,1
0,0.6525770761478817,20,0,1,0,0
1,6.204340380454891,0,1,4,0,1
0,1.2260511132467269,16,0,1,0,1
1,3.609920148680409,9,0,7,3,1
0,0.41482113409191596,4,1,3,0,1
1,6.670457704869577,0,1,8,3,1
1,5.143666519810171,17,0,1,0,1
0,1.219049908918931,20,0,1,0,1
0,0.8423966376970342,23,1,0,0,0
1,0.9808265413579846,23,1,3,0,0
0,0.9913935281125227,7,0,1,0,0
0,0.9096820271165423,15,0,2,0,0
0,0.904903445480713,17,0,0,0,0
0,1.4137168882908697,10,0,3,4,1
0,1.0127292795316907,11,0,1,0,0
1,3.023784785057161,2,1,2,2,1
0,1.3001051972544098,8,0,2,0,0
1,0.4424938065520264,12,0,1,0,0
0,0.9284975927686779,12,0,1,0,0
0,2.0736460271165886,9,0,3,0,0
1,8.73654982399229,16,0,2,2,1
0,1.1540722490790316,7,0,2,0,0
0,3.154101354687769,10,0,2,0,1
1,6.33244714956089,19,0,4,2,1
1,1.2178887473990094,12,0,1,0,0
1,0.6887102373228615,10,0,0,0,0
0,1.7585439163224659,9,0,0,0,0
0,4.173422897068031,10,0,0,0,0
0,1.848076888096049,6,0,1,0,0
0,0.6683142349744918,12,0,1,0,0
0,0.8174733872991903,16,0,0,0,0
0,0.77921461144047,20,0,0,0,0
0,1.0392322211571026,15,0,1,0,0
1,6.286249219592277,1,1,3,1,1
1,1.277472431494677,17,0,4,0,0
1,0.7981365107883044,6,0,0,0,0
1,3.4351299813346086,2,1,3,0,1
1,11.835090860787346,1,1,3,2,1
0,0.7974379606403675,14,0,0,0,0
0,0.5975340627065305,21,0,2,0,0
0,3.7523754891741956,8,0,2,1,1
1,1.3023737323761226,10,0,0,0,0
1,1.9175452370906438,6,0,4,3,1
0,2.379451837464184,2,1,5,3,1
0,0.9267953160976243,19,0,1,0,0
0,0.8595812905613799,5,1,1,0,0
0,1.6169050165149286,0,1,3,0,0
1,5.962178732445074,6,0,2,5,1
0,0.9898045485155322,5,1,2,0,0
0,1.4929081249603768,14,0,3,0,0
0,1.2357180796299754,12,0,1,0,0
0,0.7991067829279227,16,0,1,0,0
1,1.3543602294184058,5,1,1,0,0
0,0.6549620837562914,17,0,2,0,0
1,6.923472241565079,4,1,5,4,1
0,0.9151074426649545,13,0,2,0,0
0,0.6107980844902479,11,0,0,0,0
0,1.338785079909057,18,0,1,0,0
0,1.1280160212694683,10,0,0,0,0
1,0.7820568776744522,12,0,0,0,0
0,0.45654953721947317,13,0,1,0,0
1,1.083250007284928,3,1,0,0,1
1,3.3829964239324757,0,1,1,0,1
0,0.7368995453765889,18,0,1,0,0
0,0.44771414659686903,23,1,2,0,0
0,0.8767470872078365,1,1,1,0,0
0,0.9402841664681553,23,1,1,0,0
0,0.4015965430746169,16,0,0,0,0
1,1.6958647589675846,19,0,1,0,0
0,0.8512824393715275,10,0,0,0,0
1,2.895863316296501,0,1,3,4,0
0,0.8354875396037165,19,0,4,0,0
0,0.8237358732026203,23,1,3,0,0
1,0.43577206833121374,11,0,0,0,0
0,1.0502213558535718,16,0,4,0,0
0,3.565137548726277,21,0,4,4,1
0,2.0656156960610557,9,0,1,0,0
0,1.8523423383286355,0,1,1,0,0
0,1.1795641110382145,10,0,1,0,0
0,1.776963132537263,19,0,4,0,0
0,0.8887697091008465,11,0,0,0,0
1,0.6911957411997702,14,0,2,0,0
1,1.1616005660345567,0,1,1,0,1
0,0.7747750285370335,17,0,0,0,0
0,1.1651590890993628,9,0,2,0,0
0,1.4559434115588634,15,0,5,0,1
1,3.2825836605606256,14,0,0,0,1
1,0.752495750492064,10,0,0,0,0
1,4.839788899360285,1,1,7,0,1
0,1.3452901172508775,10,0,1,0,0
0,0.920958769138259,17,0,1,0,0
1,0.9110217273756854,17,0,0,0,1
0,1.0074707051117442,8,0,1,0,0
0,0.9808594624146627,9,0,1,0,0
0,1.6215450285338127,18,0,2,0,0
0,0.724565176861254,11,0,0,0,0
0,6.7173433528848,15,0,8,1,1
1,1.1105325272361326,20,0,2,0,0
1,1.7695767329314218,4,1,1,0,0
1,2.5158616103263642,0,1,2,4,1
0,1.1470939790016796,17,0,3,0,0
0,1.3315262683885085,4,1,1,0,0
0,1.1196652923762898,16,0,1,0,1
0,1.2200321831613452,13,0,2,0,1
1,1.4837364244586908,0,1,3,2,1
0,0.6322158089720438,15,0,4,0,0
0,1.6076587040800856,21,0,2,0,0
1,3.707972626859588,2,1,4,1,0
1,1.1520574832400123,20,0,3,0,0
0,2.215838716558878,13,0,2,0,0
0,1.0286090277061744,16,0,1,0,0
0,1.0278602609201817,17,0,1,0,0
0,1.7063337730299164,10,0,0,0,1
0,0.6688046161399012,18,0,0,0,0
0,1.0970730380850167,10,0,0,0,0
1,1.912750282233032,20,0,2,2,1
0,0.832050915317894,23,1,0,0,0
1,0.6783735764315176,14,0,2,0,0
1,2.169171767969175,3,1,3,0,0
0,5.105910950260945,3,1,3,0,1
1,3.4793079113463397,5,1,0,0,1
1,5.565791543923585,11,0,0,2,1
1,1.7705657238561991,11,0,5,1,1
1,1.806156378636078,0,1,1,1,1
1,6.1811189581110675,6,0,5,1,1
1,3.2511259600869002,1,1,3,0,1
0,0.4581739510038302,19,0,2,0,0
1,2.385207417231216,13,0,1,0,1
0,1.0185731236565803,8,0,1,0,0
1,0.9589230963537616,1,1,3,2,1
0,4.114879625563688,11,0,1,0,0
1,1.108065326864984,12,0,1,0,0
1,1.5982284055473628,14,0,1,0,0
0,1.5050132512974397,18,0,0,0,0
0,0.6709418198556143,23,1,1,0,0
1,4.366948020582126,5,1,2,5,1
0,0.5321725334621317,6,0,3,0,0
1,5.167813610181322,17,0,2,0,1
0,0.7650350451004637,20,0,2,0,0
0,1.3967708113066541,18,0,0,0,0
1,3.5684830982093767,0,1,3,1,1
0,1.1717249706705248,5,1,1,0,0
0,0.8810733918872967,13,0,1,0,0
0,2.4260428316002596,15,0,0,0,0
1,0.5860292657831112,16,0,2,0,0
1,6.493582670048512,7,0,3,1,1
0,1.0563990307135265,21,0,0,0,0
1,2.1392684444963597,3,1,3,0,1
0,0.9518029058025667,12,0,1,0,0
0,4.478154469865501,0,1,6,2,1
0,3.327016604590038,3,1,4,2,1
0,1.1265699192361605,8,0,0,0,0
1,3.196467521258071,5,1,2,0,1
0,1.455319694658807,15,0,1,0,0
0,1.1640229175806478,14,0,2,0,0
1,3.2467471233472818,2,1,1,4,1
1,1.6764896886299134,6,0,5,0,1
0,1.0005237301400318,8,0,2,0,0
1,2.522148300028286,0,1,1,5,1
1,6.145062514376492,0,1,2,1,1
1,4.943015950059196,8,0,0,0,1
1,0.9224708178836456,5,1,2,0,0
1,0.8852239410397007,21,0,1,0,0
0,0.47907113961266845,13,0,0,0,0
1,5.585763631862642,14,0,1,0,1
0,1.015495097410536,20,0,3,0,0
0,2.7073178647713454,15,0,2,0,0
0,2.641431363074802,7,0,0,0,0
0,0.6672772624569366,1,1,3,0,0
0,1.0777912943757424,5,1,1,0,0
0,0.7995930218054335,5,1,2,0,1
0,0.4780268451548117,23,1,0,0,0
1,6.076043019531745,1,1,4,0,0
0,1.5082779967215247,23,1,0,0,0
0,0.9559925780931035,13,0,0,0,0
0,5.564076883290711,5,1,2,3,1
0,0.6928011688397955,10,0,0,0,0
1,6.8721649696527285,4,1,3,0,1
0,0.6347326170352525,3,1,0,0,0
1,1.4631743313020602,20,0,3,0,0
1,5.665333169420018,5,1,3,3,1
1,4.4394923227271095,20,0,3,0,1
0,2.858622041977467,2,1,4,1,1
0,0.4968168805619534,8,0,1,0,0
0,0.8499081817587537,9,0,2,0,0
0,0.8985792726417515,13,0,1,0,0
0,1.8586705650149409,11,0,2,0,0
0,0.8284118115288944,12,0,1,0,0
0,0.49716568387993376,11,0,1,0,0
1,2.6014745339216208,3,1,1,4,1
0,1.6902490748413526,12,0,1,0,0
1,1.8187869041713443,17,0,1,0,0
0,2.1744642975941413,13,0,0,0,0
0,0.7731366867952828,19,0,0,0,0
1,6.443899234621625,5,1,1,3,1
1,4.249177065794403,20,0,1,2,1
0,0.4802143930099507,13,0,0,0,0
1,1.200843106386598,17,0,1,0,0
0,2.4608216551726394,13,0,0,0,0
0,0.4430728360559295,16,0,1,0,0
1,4.526658568764418,1,1,3,3,1
1,1.280983794813973,11,0,3,4,1
0,0.76349562583748,15,0,1,0,0
1,0.6900393096924189,9,0,1,0,0
0,0.9658824076318435,5,1,0,0,0
1,2.9522518376479447,0,1,3,2,1
0,0.8849900933595225,2,1,3,0,0
0,1.013898141972117,8,0,1,0,0
0,1.0097105562723523,7,0,1,0,0
0,1.0088070063097645,15,0,1,0,0
0,0.6847802310801883,19,0,1,0,0
0,0.7950600421444388,1,1,1,0,0
1,3.1325433029659275,0,1,3,4,1
1,0.3951924491764389,9,0,2,0,0
1,1.5735901283304878,10,0,0,0,0
0,1.371582530848777,6,0,2,0,0
0,0.7219874364643344,11,0,1,0,0
0,1.3218678527856982,0,1,1,0,0
0,0.7636314081704089,13,0,2,0,0
0,1.4606599884597842,10,0,2,0,0
1,3.1318079300619295,0,1,7,2,1
0,0.8626070760744641,14,0,2,0,0
0,1.319072843047676,14,0,0,0,0
0,0.6813606005704714,4,1,0,0,0
0,0.7707040888568638,22,0,1,0,0
1,3.640473440440256,11,0,1,2,1
0,4.050571831713649,7,0,2,0,1
0,1.5041739726944099,16,0,1,0,0
0,1.7590790888072212,18,0,2,0,0
1,1.6560337234121976,12,0,1,0,0
1,3.490727434280198,10,0,3,0,1
0,4.078231949455495,2,1,5,3,1
1,5.50922597074019,19,0,2,1,1
0,0.5442431259886357,7,0,0,0,0
0,0.44026991140033345,12,0,1,0,0
1,1.9661802986123815,11,0,3,2,1
0,1.1368645869966876,15,0,1,0,0
1,2.0212010435177468,0,1,4,4,1
0,2.6524181712057797,14,0,1,0,0
0,1.0435458504611745,23,1,1,0,0
0,0.5348207649229583,21,0,1,0,0
1,1.573384545343666,6,0,4,0,0
1,1.7930893213929227,8,0,2,0,1
0,3.1400529647164506,6,0,4,0,1
1,0.8580308857741582,18,0,2,0,0
1,2.936473384243105,18,0,2,0,1
0,1.6148731836387349,23,1,2,0,0
0,1.213916088784442,23,1,2,0,0
0,0.6866861558890138,14,0,1,0,0
0,0.3397231673478844,13,0,0,0,0
1,2.0283264102680905,0,1,2,0,1
1,4.508148445351678,13,0,4,4,1
1,1.522528871228196,10,0,3,0,0
1,1.550733292628538,12,0,0,0,0
0,1.003298506188089,11,0,3,0,0
0,7.004700660541563,20,0,2,2,1
0,0.7475847833259046,9,0,1,0,0
0,0.7171065384850749,19,0,0,0,0
0,0.8455228674059223,18,0,0,0,0
0,0.7262392548048703,22,0,2,0,0
0,0.8802211577047913,15,0,3,0,0
0,1.3959976224693245,1,1,2,0,1
0,1.4067749552752025,11,0,1,0,0
1,8.639047534699044,2,1,4,0,1
0,0.8060014647900684,15,0,0,0,0
0,1.1231343419749882,12,0,0,0,0
0,2.206515828735804,7,0,0,0,0
0,0.7664860756566761,4,1,0,0,0
1,1.6756236758679934,16,0,2,0,0
0,0.5872712253985625,12,0,0,0,1
1,1.169889745850547,9,0,1,0,0
0,0.6584221573135656,12,0,2,0,0
1,2.9735594359703876,0,1,4,1,0
0,1.1145836329480774,5,1,1,0,0
0,0.6611383741840736,11,0,2,0,0
0,0.42562357654284805,4,1,1,0,0
1,4.400515988633755,3,1,3,2,1
0,1.324229662932321,10,0,2,0,0
1,7.3381935775862335,0,1,5,0,1
1,1.9218326202040519,14,0,1,0,0
0,1.3233272006888026,3,1,2,0,0
0,1.762619718879785,15,0,0,0,0
0,2.1069066034548842,9,0,1,0,0
1,1.009195356359472,16,0,1,0,0
0,0.9053385938143194,13,0,0,0,0
1,5.150053899143664,1,1,4,0,1
1,5.968407726315415,16,0,6,0,1
1,0.9984041333061228,14,0,0,0,0
1,0.4486554576243878,17,0,1,0,0
0,0.886912830601361,10,0,0,0,0
1,8.606663563391304,5,1,4,1,1
0,0.7157282880546443,15,0,0,0,0
1,3.793891731234472,1,1,1,1,1
1,1.7831372707094448,6,0,2,4,1
0,1.447003293186152,14,0,1,0,0
1,2.142851637934789,19,0,4,0,1
1,4.232610271624946,2,1,3,0,1
0,2.115075089310785,18,0,0,0,1
1,3.7589534524880333,16,0,2,2,1
0,1.192812068203354,17,0,1,0,0
1,13.721921454055456,0,1,1,5,1
1,2.6896078719966248,11,0,5,2,1
0,0.7531314025426221,4,1,1,0,0
1,5.58042266949375,0,1,3,2,1
1,5.571182359865207,5,1,2,0,1
1,3.6938753498582404,23,1,1,4,1
1,0.7369235717561488,20,0,2,0,0
0,1.4270010559412376,23,1,1,0,0
0,3.6825239542450565,5,1,4,5,1
0,2.1114108667102847,0,1,1,3,1
0,0.6330254608926033,16,0,1,0,0
0,1.2280257451360974,11,0,1,0,0
1,4.314382523268162,1,1,4,2,1
0,0.7368734812416081,9,0,3,0,0
1,2.244436751189024,5,1,0,0,0
0,2.16074048271894,0,1,1,0,1
0,0.5635329246135691,8,0,2,0,0
1,4.089610385945074,11,0,3,0,1
0,1.3557851542034594,15,0,1,0,0
0,1.208343801175361,10,0,1,0,0
1,1.686646879020108,17,0,1,0,0
0,6.608948543491598,12,0,3,5,1
1,3.0079215215321686,8,0,2,2,0
0,0.9356271545621735,15,0,1,0,0
0,0.7314310466280175,20,0,2,0,0
0,0.4406371907060196,10,0,1,0,1
1,0.6990242031111363,23,1,3,0,0
0,1.9985966320735395,10,0,3,0,0
0,2.9477160225781214,0,1,3,4,0
1,2.763331940497731,3,1,6,1,1
0,0.6436192042447902,15,0,1,0,0
1,0.9277733599328807,11,0,0,0,0
0,0.7873821825959562,0,1,1,0,0
0,1.1300650884844015,11,0,0,0,0
1,2.6739333033557635,20,0,3,5,1
0,0.7196711549853128,13,0,2,0,0
0,1.1796217990549016,18,0,0,0,0
1,1.823695643330206,14,0,0,0,0
0,0.7543209501032123,4,1,0,0,0
0,0.7952181224018946,22,0,0,0,0
1,2.7194098235251336,7,0,2,0,1
1,1.4545796373797768,0,1,4,0,0
1,8.64404187008168,6,0,1,4,1
0,1.7250462822464854,19,0,3,0,0
1,6.924608679845519,1,1,4,5,1
1,2.6690173133488675,11,0,2,4,1
0,1.106253006339455,15,0,3,0,0
0,1.403181868541937,15,0,1,0,0
1,3.0397359740561125,9,0,0,3,1
0,1.3636646652449276,17,0,0,0,0
0,1.645114974899888,15,0,4,1,1
1,0.7120933872909825,19,0,0,0,0
0,0.4136614806597127,20,0,0,0,0
0,0.8131758247793214,17,0,1,0,0
0,0.7959831599890581,20,0,2,0,0
0,1.2035337660585164,14,0,0,0,0
1,2.0493098726713987,1,1,4,0,0
0,0.5654799386002923,15,0,2,0,0
1,1.183354966117478,6,0,0,0,0
1,2.9528964978264143,9,0,0,2,1
0,1.019116234333685,16,0,0,0,0
1,2.421874102272825,10,0,1,0,0
1,0.3994602976885103,18,0,0,0,0
0,0.4558082219153443,10,0,1,0,1
0,0.41749944351578705,12,0,3,0,0
1,0.4813172357800053,14,0,1,0,0
0,3.1060393021308284,1,1,1,0,1
0,2.439376405423595,12,0,2,0,0
1,0.6056886049856727,16,0,0,0,0
0,1.0549348610419025,13,0,1,0,0
0,0.8308091344832211,15,0,3,0,0
1,0.5207556915131512,13,0,1,0,0
0,1.7197518001311787,13,0,0,0,0
1,4.526213052611706,7,0,4,0,1
1,8.330059056409166,15,0,2,0,1
0,1.4022259912228046,17,0,1,0,0
1,0.5677959203175938,11,0,1,0,0
1,3.9540393714482414,4,1,5,0,1
0,1.4074989918195853,22,0,1,0,0
1,2.2888707692546935,3,1,1,0,1
0,0.7738660146479795,23,1,3,0,0
0,0.7852177943005771,22,0,1,0,0
1,10.259701998914592,7,0,10,2,1
1,1.0496933654020904,11,0,3,0,0
0,1.670158315176932,19,0,0,0,0
0,0.8125139184464042,12,0,1,0,0
1,3.9150547691831337,12,0,6,2,1
0,0.9785089776725595,9,0,3,0,0
0,1.4215960812953512,15,0,1,0,0
1,2.470182526869547,0,1,3,3,1
0,1.020332190259709,16,0,2,0,0
0,1.1333316374613245,3,1,1,0,0
0,0.6196610322518018,15,0,0,0,0
1,4.322097533151846,0,1,3,0,1
0,0.8533406157061955,11,0,1,0,0
1,4.258856111333149,4,1,3,0,1
0,1.6406248404615063,15,0,1,0,0
0,0.8242001968464118,13,0,0,0,0
0,1.5324711520504948,0,1,2,5,0
0,4.01390918236569,16,0,0,0,1
1,1.4676627527608608,18,0,0,0,0
0,4.752946758556379,13,0,2,1,1
0,1.660991557433101,21,0,0,0,0
0,5.194185040697824,14,0,1,0,1
1,6.161115450742049,3,1,2,0,1
0,0.7747457062394288,11,0,2,0,0
0,0.7491939100836099,14,0,0,0,0
1,1.3389920829921491,21,0,2,0,0
0,3.750173294241981,10,0,2,0,1
1,1.3027833512296016,2,1,5,3,1
0,0.8789950201946864,14,0,1,0,0
0,0.871374956729861,22,0,2,0,0
0,3.2115088889468075,9,0,1,0,1
1,6.301231340798054,0,1,3,0,1
0,0.9257605732173595,10,0,2,0,0
0,3.4203943651543876,9,0,2,4,1
1,2.553309233591852,20,0,2,3,1
1,0.5391227218511428,5,1,1,0,0
1,0.633713029244122,17,0,2,0,0
0,0.8986134820672652,17,0,1,0,0
1,1.7562779785756697,2,1,3,0,1
0,0.5405705766674186,15,0,0,0,0
1,5.5328184929737665,7,0,2,3,1
0,0.6113345415733695,10,0,1,0,1
0,0.6713561588690006,19,0,2,0,0
1,3.821450975938569,7,0,5,1,1
1,2.2408951893139446,8,0,0,0,0
1,3.134862650070417,3,1,1,1,1
0,0.4888647199420399,14,0,1,0,0
1,0.6355675023376985,14,0,2,0,0
0,2.0425837965434397,18,0,0,0,0
0,0.8145088489939334,11,0,1,0,0
0,1.486246339093497,17,0,5,0,0
0,3.3155333468270682,12,0,3,2,1
0,0.3589685261979015,22,0,2,0,0
0,0.8885838774726617,23,1,1,0,0
0,1.7100192760259483,13,0,0,0,0
0,3.3121285442105983,5,1,0,2,1
0,0.43940531788698833,20,0,0,0,0
1,2.861985803074544,3,1,5,0,1
1,1.7942618515777502,4,1,0,0,1
0,0.7721800017131858,8,0,4,0,0
1,6.581804521748376,9,0,1,0,1
0,0.6692479486026892,19,0,0,0,0
0,1.308284748684969,21,0,1,0,0
0,0.9991280516579785,10,0,1,0,0
1,6.782787212393452,7,0,3,0,1
0,0.9805152990477789,11,0,0,0,0
0,0.3753200908013073,14,0,0,0,0
1,2.0873276839976542,12,0,0,0,0
0,0.7135113204761782,6,0,0,0,0
1,0.4808181320812618,7,0,0,0,0
0,6.229371414474503,0,1,0,1,1
0,1.8464546089584013,13,0,2,0,0
0,0.7620636751088572,15,0,1,0,0
0,0.4295569784937718,22,0,1,0,0
0,0.6408914615534171,14,0,2,0,0
0,11.679400055895192,5,1,5,1,1
1,2.480012246005276,18,0,2,0,0
0,1.2454368105240312,23,1,0,0,0
0,2.038925208435672,8,0,1,0,0
0,1.3844409250378307,8,0,2,0,0
0,0.4317120846293457,16,0,0,0,0
0,3.0324086334330533,15,0,0,0,0
0,1.0765326070266652,15,0,3,0,0
1,9.643935218526417,6,0,1,0,1
0,1.2413971171458016,7,0,1,0,0
0,1.1595712153122433,23,1,1,0,0
0,0.784780658650228,12,0,1,0,0
1,1.9454449598236434,23,1,0,0,0
0,3.0440943943423515,17,0,0,0,0
1,0.5642542626814546,13,0,3,0,0
0,1.4592327036012,19,0,3,0,0
0,0.6353421808153994,23,1,0,0,0
0,0.547332939900589,3,1,0,0,0
0,2.5679157541623527,0,1,1,0,0
0,0.8654956413006507,18,0,0,0,0
1,5.342792528056751,5,1,1,0,1
0,1.002596589644098,19,0,1,0,0
0,2.4529257952100916,23,1,1,0,0
0,1.2047802386522835,17,0,2,0,0
1,1.6357947076908568,1,1,3,2,1
0,1.1561166385320099,22,0,0,0,0
0,0.4820950978482293,13,0,2,0,0
0,2.3051372298287065,6,0,2,0,0
1,3.5766157608592035,21,0,3,2,1
1,1.091824585120116,20,0,1,0,0
1,4.621105153991055,14,0,3,2,1
0,3.6520898982918193,5,1,4,5,1
1,1.5204008927968615,2,1,3,0,1
0,0.7766717383882067,16,0,2,0,0
1,1.1289885412663347,18,0,6,0,0
1,0.6969809013138892,7,0,0,0,0
0,1.3881880388451562,16,0,3,0,0
1,6.885829093782542,0,1,2,0,1
0,0.7202294430932076,9,0,1,0,0
0,0.9253808689961931,14,0,2,0,0
0,0.6633619529917544,0,1,0,0,0
1,1.0056547765393418,8,0,3,0,0
0,0.35993599929003955,3,1,1,0,0
1,4.144960622233907,0,1,2,0,1
0,1.9688248646619726,2,1,0,1,1
0,2.0435659979998992,1,1,1,0,0
1,1.6243061446731881,8,0,0,0,0
0,0.3595009405863596,7,0,2,0,0
0,0.41663628072532805,10,0,2,0,0
0,1.8034133168288273,19,0,2,0,0
0,1.0980885575980006,11,0,0,0,0
1,2.461964795482817,13,0,4,4,1
0,0.9156633263885048,21,0,2,0,0
0,1.0526139974895465,4,1,1,0,0
1,0.9240865814629738,11,0,1,0,0
0,0.5968230296228813,9,0,1,0,0
1,2.459883303311695,7,0,3,0,1
0,0.8557134470745597,15,0,0,0,0
1,0.7179572296254868,4,1,2,0,0
1,11.398280531099694,0,1,1,1,1
1,1.075729869189686,5,1,0,0,0
0,3.8829407438988603,18,0,4,5,1
1,2.1598758723952405,14,0,3,0,1
0,1.300786554337077,14,0,0,0,0
1,0.8209307216842625,2,1,0,1,1
1,0.8856244489028207,23,1,0,0,0
0,1.5746474748911354,15,0,2,0,0
0,0.4691274433064548,19,0,2,0,0
1,0.8836712099483516,6,0,0,0,0
0,0.458130380822781,7,0,1,0,0
0,1.214391910593232,10,0,1,0,0
1,1.302070179127914,18,0,0,0,1
0,1.0159123351584187,13,0,0,0,0
0,0.83386949866479,8,0,1,0,0
1,3.590238850471721,6,0,5,0,1
0,0.8763390267023685,23,1,4,0,0
0,1.2195295431465238,20,0,2,0,0
1,11.130379274084179,16,0,3,0,1
0,1.004679272702336,12,0,0,0,0
0,8.010468700687673,13,0,3,1,1
1,4.060573115214303,21,0,3,3,0
0,2.951849178605578,20,0,0,1,1
1,0.47626381598211753,17,0,2,0,0
1,2.655207924813769,21,0,1,0,1
0,1.0478753541773247,20,0,0,0,0
0,0.8124130936833021,7,0,0,0,0
1,0.45105827711614216,12,0,1,0,0
0,1.5801746471230667,20,0,1,0,0
1,8.537593220312775,0,1,4,0,1
0,1.1088739447832956,17,0,2,0,0
0,1.238397381513148,23,1,0,0,0
1,2.6212596058476354,13,0,3,0,0
1,1.6249558407965325,4,1,2,0,1
0,0.4449170819360962,12,0,2,0,0
0,0.9942841869436383,13,0,2,0,0
0,1.3586915008652172,13,0,0,0,0
1,6.716414454430165,0,1,2,0,1
0,0.9847456287052959,20,0,3,0,0
0,0.9993039166568195,16,0,1,0,0
1,0.45989422061724106,20,0,2,0,0
0,0.6961082521995953,5,1,2,0,0
0,0.4572320736186837,7,0,0,0,0
0,1.3137647623185225,19,0,1,0,0
0,3.1435794877579704,19,0,2,0,1
0,0.442082164785216,23,1,2,0,0
0,1.2189220921968404,21,0,1,0,0
0,0.5487234180157432,17,0,1,0,0
1,10.084529411390854,9,0,4,2,1
1,3.695060560505564,2,1,2,0,1
0,1.3196918480033848,13,0,1,0,0
0,6.7130405515645695,2,1,2,5,1
0,1.8067916516560225,7,0,1,0,0
1,1.5482710232465653,12,0,2,0,0
0,2.28385096480495,13,0,1,0,0
0,2.733082783129393,0,1,2,0,1
1,15.206710182071655,1,1,2,5,1
1,0.4969764688632839,8,0,2,0,0
1,6.189239456522762,0,1,2,0,1
1,4.595133211017161,16,0,3,0,1
1,3.2173674587710357,6,0,1,3,1
0,0.6865303356996797,12,0,1,0,0
0,2.3912373069760924,9,0,2,0,0
1,5.159703818856405,3,1,6,0,1
0,0.7825236915015545,15,0,0,0,0
0,6.420352934829557,6,0,1,0,1
0,6.184372235547044,4,1,4,4,1
0,1.1206351805700778,14,0,2,0,0
0,1.4226152356805906,11,0,2,0,0
1,3.1361206958854897,8,0,3,0,1
0,2.5832434027661986,18,0,2,0,0
1,1.8308157056046601,0,1,3,0,1
0,0.9377990273857423,15,0,1,0,0
0,0.7554440586919339,17,0,1,0,0
0,0.8791844175822283,18,0,1,0,0
1,7.057220387804924,8,0,1,4,1
0,0.9979093107258447,7,0,2,0,0
0,0.8361329670088168,6,0,1,0,0
0,0.3835210373435177,10,0,1,0,0
1,0.8157421564844527,16,0,4,0,0
0,0.40229372721939993,6,0,2,0,0
0,5.678592021549571,1,1,0,0,1
0,4.585249278992137,5,1,1,4,1
0,0.9639870700349231,16,0,1,0,0
1,0.7068146426135017,6,0,4,1,0
1,3.2807148951930576,0,1,4,3,1
1,3.1137379285819193,5,1,1,0,1
0,7.875316011557716,0,1,2,4,1
0,1.2530037163257999,21,0,3,0,0
1,0.42203073704297583,8,0,1,0,0
0,0.4365386247524173,16,0,1,0,0
1,5.693101384731772,21,0,0,4,1
0,0.6722075917111711,14,0,1,0,0
1,4.523672824632472,14,0,1,2,1
0,1.4597181329533135,11,0,1,0,0
1,1.343144101838366,2,1,1,0,1
0,0.7201828615702943,4,1,2,0,0
0,0.651237170729533,0,1,1,0,0
0,1.1753885789674863,10,0,0,0,0
0,0.5852930667665484,16,0,2,0,0
1,14.543720491370873,3,1,5,0,1
1,0.3729346364487823,13,0,0,0,0
1,1.4965481352533823,8,0,4,0,0
1,16.978447024719152,3,1,4,1,1
1,0.6811871076708539,11,0,2,0,0
1,2.0531422498195204,0,1,2,2,1
0,1.2124605331269456,13,0,0,0,0
1,6.375383467916687,0,1,2,0,1
0,2.1340307498709015,2,1,1,0,0
1,1.6716155186803618,23,1,2,0,0
1,5.518613184879688,20,0,2,0,1
0,1.9423264346909084,23,1,3,0,0
0,8.00986141392602,4,1,0,3,1
1,8.2790022032525,3,1,2,0,1
0,0.6734268565537387,17,0,4,0,0
0,2.041096333400485,12,0,1,0,0
0,1.0972716359385057,17,0,1,0,0
0,1.1620047180675699,16,0,0,0,0
0,0.9517702969879336,9,0,0,0,0
1,2.8355392107588377,6,0,3,4,1
0,0.9808830437926357,11,0,1,0,0
0,0.5106258245883,9,0,0,0,0
0,1.2165453955022556,20,0,0,0,0
0,1.0355982662107448,14,0,0,0,0
1,0.9843316710907992,23,1,2,0,0
0,0.8850028376547814,19,0,1,0,0
0,0.7541555602834209,10,0,0,0,0
1,1.1762610740894437,13,0,0,0,0
1,9.909841318369242,8,0,2,0,1
0,1.783612235494443,17,0,1,0,0
0,1.0385680975592224,23,1,1,0,0
1,16.728606591415137,0,1,0,4,1
0,0.830309056175915,15,0,1,0,0
0,0.9166427367561295,17,0,2,0,0
1,0.3720998592177648,17,0,5,0,0
0,0.7898089344527192,7,0,1,0,0
1,1.6198612400800814,5,1,3,0,1
0,0.7661572550460475,8,0,1,0,0
1,0.9027951280574966,15,0,3,0,0
0,0.4884366476599715,16,0,1,0,0
0,0.7276775372096339,18,0,0,0,0
0,0.992858619457879,14,0,1,0,0
0,0.8805130529303821,8,0,1,0,0
0,0.5592188442349505,16,0,0,0,0
0,1.048778547284294,15,0,1,0,0
0,0.6302282672649847,18,0,1,0,0
0,1.8356382446402095,9,0,0,0,0
1,3.9451808982339456,0,1,2,2,1
0,1.3925040059370186,9,0,2,0,0
1,4.58919324377645,0,1,2,1,1
1,4.672114816500658,0,1,2,4,1
1,4.476701413324085,7,0,3,0,1
0,1.0963965246250447,20,0,1,0,0
1,2.8036836239232974,1,1,4,1,1
0,0.8024868295605064,12,0,1,0,0
0,0.5859037970327347,14,0,1,0,0
0,1.183889664167891,5,1,2,0,1
0,0.43915994958816035,17,0,2,0,0
0,1.5082784470458845,14,0,3,0,0
0,1.0974907325942758,2,1,1,0,0
0,0.47039303283103345,16,0,0,0,0
0,1.1467129735051018,18,0,0,0,0
1,4.422065175673814,8,0,2,4,1
0,1.3240513252139994,8,0,1,0,0
0,2.937749462135803,6,0,0,0,1
0,1.0635950243148145,10,0,0,0,0
0,4.101934110512136,9,0,2,1,1
0,1.2857242450186306,16,0,1,0,0
0,2.200939032971882,15,0,2,0,0
0,0.9551875301387165,4,1,1,0,0
0,0.7337635224782151,15,0,0,0,0
0,0.7336973520452259,19,0,0,0,0
0,0.8898148790698057,23,1,2,0,0
0,6.094966854117501,2,1,2,0,1
0,0.9235927473552834,17,0,1,0,0
0,1.1462473781213045,15,0,0,0,0
0,1.2227259692723638,15,0,1,0,0
0,1.2577666241974452,18,0,1,0,0
1,0.4798406421321099,20,0,0,0,0
1,2.153657371451014,0,1,4,0,1
0,0.44864801186479875,10,0,2,0,0
0,1.9882117327990674,21,0,0,0,0
0,1.1036434554835466,14,0,1,0,0
0,1.4172865396395236,16,0,1,0,0
1,2.1909906354253703,4,1,1,0,1
0,0.8942506975740878,14,0,1,0,0
1,2.730264304542504,1,1,1,3,1
0,0.7983839856264215,19,0,0,0,1
0,0.8250798949201159,14,0,1,0,0
1,0.6542508377263899,14,0,0,0,0
1,3.338835253992358,15,0,1,0,0
1,3.5452042898458695,15,0,1,1,1
0,1.014038142916529,14,0,1,0,0
0,1.443417076143748,7,0,3,0,0
0,0.37984174841467316,13,0,3,0,0
0,0.7429883026091533,16,0,3,0,0
0,1.963495508345242,20,0,0,0,0
0,0.7872820612164659,7,0,0,0,0
0,1.2151730321396308,14,0,0,0,0
0,2.8794075999312936,11,0,2,0,0
0,3.6087465740256888,1,1,0,5,1
1,1.4805822926928274,0,1,5,2,1
1,0.9509375547343311,0,1,1,0,0
0,0.6157586479147764,12,0,0,0,0
0,1.4301352580560223,12,0,1,0,0
1,1.935432523314282,15,0,1,0,0
0,2.3098431460685265,14,0,1,0,0
0,0.8076143069190553,18,0,1,0,0
0,1.1257779477361978,8,0,1,0,0
0,1.1758545127038604,0,1,2,0,0
0,4.0739189803941285,15,0,2,0,0
0,0.9500379427423393,9,0,1,0,0
0,0.6601099490932815,12,0,0,0,0
0,1.654924495101745,13,0,1,0,0
0,1.912061345642391,14,0,1,0,0
0,0.9628229484606223,8,0,2,0,0
1,6.175982417888378,13,0,3,0,1
0,1.3360894733839597,10,0,1,0,0
1,6.87373477898605,16,0,5,2,1
0,0.715126144513623,7,0,1,0,0
0,0.6717698912494676,7,0,1,0,0
0,1.1224260399767052,2,1,4,2,1
0,1.0759414917157035,2,1,2,0,0
1,1.6048001685686166,0,1,2,3,1
0,0.8301015159506765,0,1,2,0,1
0,0.7013053624353608,9,0,1,0,0
1,3.5095116856131607,11,0,6,0,1
0,1.7916628466951947,16,0,1,0,0
0,6.560026548718752,0,1,4,3,1
0,1.5714934883693041,4,1,0,0,0
1,2.0249302448368685,15,0,5,1,1
0,0.8294790163413133,13,0,2,0,0
1,5.332914423164184,2,1,2,0,1
0,1.3887572234468795,13,0,1,0,0
0,1.8334605930134449,8,0,0,0,0
0,2.610817896069525,0,1,5,4,1
0,0.9131007043487266,11,0,1,0,0
0,0.9692142397483959,16,0,1,0,0
1,1.7329489264293445,23,1,3,2,1
0,0.9006880929502848,7,0,2,0,0
0,0.9407837787270809,20,0,1,0,0
0,0.373880295485633,7,0,0,0,0
0,0.621577573384661,12,0,1,0,0
0,0.8562481484492092,10,0,1,0,0
0,1.001709401367919,4,1,0,0,0
0,0.6416610905608069,5,1,4,0,0
0,0.7927953223896528,18,0,1,0,0
0,1.28959700650506,16,0,0,0,0
1,1.7571500256746857,16,0,0,0,1
1,3.242553474005134,1,1,2,0,1
0,0.4075867211308048,14,0,2,0,0
0,1.0750568281563977,8,0,1,0,0
1,0.4313424429629073,15,0,2,0,0
0,11.848630946555119,9,0,3,2,1
1,7.251143482201171,4,1,4,3,1
0,0.7351685496436551,17,0,3,0,0
0,1.8532136319527959,23,1,1,0,0
1,2.161289467004281,18,0,2,0,0
1,0.8687629324393167,11,0,0,0,0
1,3.194890500093418,13,0,4,1,1
0,2.1670541346898995,17,0,1,0,0
0,1.052032192754564,22,0,1,0,0
1,5.087110295185331,0,1,1,2,1
1,0.7306696999361716,10,0,3,0,0
0,2.6773449302959813,22,0,1,0,0
0,0.6093635811154595,7,0,1,0,0
0,0.9375257448822354,12,0,2,0,0
1,0.8294265674474555,0,1,3,0,1
0,1.3504059818198055,17,0,2,0,0
0,1.1466187941501527,13,0,1,0,0
0,0.6181410786104251,21,0,0,0,0
0,0.94151655515774,12,0,1,0,0
1,4.699816564449858,6,0,1,3,0
0,0.9323795329664579,19,0,1,0,0
1,4.648076374470075,0,1,0,3,1
0,1.2978064910828186,18,0,2,0,0
0,2.5194091139943855,0,1,0,0,0
1,6.034282224756473,6,0,1,0,1
0,6.4680835252763105,21,0,1,0,1
0,2.2989935163815156,6,0,1,0,0
1,1.6077557421439255,22,0,1,0,1
0,0.5039637024124438,16,0,2,0,0
1,2.950950962518637,2,1,0,0,1
1,1.1159447269131264,7,0,0,0,0
0,3.0492557900929937,19,0,0,0,0
1,9.527998903872465,20,0,0,5,1
1,1.9266325667645852,0,1,1,0,1
0,1.99974997489563,11,0,1,0,0
0,1.1281395342479559,11,0,3,0,0
0,1.630515922767521,15,0,1,0,0
0,0.6723193885091526,9,0,1,0,0
0,2.7301234286782967,12,0,1,0,0
0,1.0817892915992129,20,0,0,0,0
0,1.143867523650951,16,0,0,0,0
0,1.200940258694645,9,0,1,0,0
1,2.017824508887277,3,1,1,2,1
1,2.098142566083365,5,1,1,3,1
1,4.964762194792919,0,1,0,3,1
1,0.9829102820647594,14,0,1,0,0
0,1.0846913651644925,21,0,0,0,0
1,0.5857417971847899,10,0,2,0,0
0,1.0787413257999336,17,0,1,0,0
1,5.056272432930739,20,0,2,0,0
0,0.44089579085258834,6,0,1,0,0
1,2.45785555694546,4,1,5,2,1
1,2.6398126854710258,4,1,2,0,1
0,4.931225288184099,0,1,2,1,1
0,0.74283266733805,9,0,0,0,0
0,0.5840843461115837,15,0,3,0,0
1,1.1214311555601866,14,0,0,0,0
0,1.55461911737408,22,0,1,0,1
1,9.702031243691094,0,1,2,0,1
0,3.3269483299064206,0,1,3,0,1
1,7.4370409828700454,7,0,3,2,1
0,0.6947443111122639,17,0,2,0,0
0,0.612392753121413,12,0,1,0,0
0,1.0585815049730027,23,1,1,0,0
1,7.716602632012813,5,1,1,2,1
1,6.592797816405966,4,1,0,0,1
1,1.034546754605303,15,0,4,0,0
0,0.7956287450951884,9,0,1,0,0
0,1.3358677525651534,8,0,3,0,0
0,1.1341996042206524,10,0,2,0,0
1,5.574814352320838,18,0,6,0,1
1,3.237677076969832,6,0,3,3,0
0,2.0699465550661755,22,0,2,0,0
1,3.981580573410536,8,0,0,5,1
1,1.6716152300635163,3,1,1,3,1
0,0.4391159195287052,16,0,1,0,1
0,1.0089149900160244,19,0,0,0,0
1,1.568226970593997,9,0,2,0,0
0,0.7820986930452035,14,0,3,0,0
0,0.5987182142165095,12,0,0,0,0
1,7.575312957807459,9,0,1,1,1
0,0.7284647493748113,17,0,3,0,0
0,5.714907420564581,2,1,3,3,1
0,1.659353558733725,4,1,0,0,0
1,3.7523396229451493,12,0,6,0,1
1,3.2545033073664973,9,0,1,4,1
1,7.3650238567092146,0,1,1,2,1
0,0.9429079369059837,5,1,2,0,0
0,0.41050133511387915,18,0,0,0,0
0,2.7979894824760216,8,0,0,0,0
1,3.349807119994035,22,0,2,0,0
0,1.1804867617660497,15,0,0,0,0
1,3.95456530470239,0,1,1,4,1
0,0.44443006814417296,8,0,3,0,0
0,0.6430069053214309,20,0,1,0,0
0,8.235247639034887,2,1,2,0,1
1,2.187193443780633,0,1,2,1,1
0,0.9496041582119383,13,0,5,0,0
1,1.329912730342703,21,0,2,0,1
1,7.6966026494794235,10,0,2,0,1
0,1.2295108550917622,10,0,1,0,0
0,0.531596447798167,15,0,1,0,0
1,12.170015764961386,3,1,2,0,1
1,1.1664126381212148,10,0,2,0,0
0,0.5143688330774178,14,0,3,0,0
0,1.0500067895912502,7,0,1,0,0
1,1.9503801428533742,23,1,1,0,0
0,3.3607400508152763,8,0,5,0,1
0,0.9690846027413813,11,0,2,0,0
1,0.977821545502961,19,0,0,0,0
0,0.9243568271290266,15,0,1,0,0
1,2.865198259884839,23,1,1,0,0
1,2.9545108546557146,17,0,4,1,1
1,1.0756616806831023,12,0,2,0,0
0,1.5096237740468579,6,0,1,0,0
0,0.9945865577742399,6,0,0,0,0
0,1.3081815014411728,11,0,1,0,0
0,1.1321380448693887,11,0,1,0,0
0,1.7011826437972324,19,0,0,0,0
1,8.164805936701155,16,0,3,5,1
0,0.5928310958760425,23,1,2,0,0
0,0.9467318230809395,9,0,0,0,0
1,10.041439258762841,10,0,3,0,1
0,1.9248381635709249,11,0,0,0,0
0,1.8561886470367661,15,0,2,0,0
1,1.8233259898863377,8,0,2,3,1
0,5.237017803120815,11,0,3,0,1
0,0.8334440993169211,8,0,1,0,0
0,0.8666574529399371,2,1,1,0,0
1,7.0527397999515715,11,0,4,3,1
0,1.5941952353030153,14,0,2,0,0
1,1.5587015398078956,12,0,2,0,0
1,1.1020840061707562,5,1,2,0,0
0,1.07889863850403,11,0,1,0,0
1,1.0209527583951603,5,1,2,0,0
0,1.1018699871159323,21,0,1,0,0
0,0.7538257683650029,2,1,1,0,0
0,1.0473322383416521,17,0,1,0,0
1,6.563004579676383,5,1,3,1,1
1,0.6084448894345741,11,0,0,0,0
0,0.6712280449105799,20,0,0,0,0
0,0.8886159392846079,20,0,1,0,0
0,1.3512997230077086,5,1,3,1,1
0,0.9498496351941189,16,0,0,0,0
0,3.0640924972551002,7,0,0,0,0
0,2.18437368232776,10,0,0,0,0
0,4.234363804150401,11,0,0,1,1
0,1.1080478895171824,7,0,3,0,0
1,0.45143456297359447,16,0,0,0,0
0,0.3037062427548585,20,0,0,0,0
1,3.648625318892712,22,0,1,5,1
0,2.5970993281842913,18,0,0,0,0
1,1.8956891718252844,18,0,1,0,0
1,7.388392599731643,6,0,3,5,1
0,1.0925612098654767,19,0,3,0,0
1,1.1252486846051037,11,0,0,0,0
0,0.5069014753560519,9,0,1,0,0
1,0.5907619786746311,13,0,1,0,0
0,0.5157511375857204,17,0,1,0,0
0,0.7910266457131084,5,1,1,0,0
1,9.10951872592282,3,1,2,4,1
0,0.7690482052598534,13,0,1,0,0
0,1.1545152039487958,14,0,1,0,0
0,4.428374102547696,0,1,3,0,1
1,0.487302401056678,10,0,2,0,0
0,1.2899874587956075,13,0,1,0,0
0,0.8650760924772539,12,0,1,0,0
0,3.6729201948107177,12,0,0,0,0
0,14.84453404859965,3,1,4,0,0
1,2.681359160456923,0,1,3,2,1
1,1.7522349291272679,12,0,1,0,0
1,0.7930252468824427,23,1,1,0,0
0,0.6592289378092467,13,0,0,0,0
1,2.893266997059798,18,0,2,2,1
0,1.07048268004459,23,1,0,0,0
0,0.9101610765084851,12,0,1,0,0
1,5.290018559687172,11,0,3,0,1
1,0.632953643412236,11,0,1,0,0
0,1.64289237231363,15,0,2,0,0
0,0.4796393304762972,14,0,0,0,0
1,2.325151179585943,16,0,1,0,1
0,0.9371963101039131,13,0,1,0,0
0,0.8635981166966633,15,0,2,0,0
0,4.993357858811684,0,1,3,4,1
0,0.7138330047791728,13,0,1,0,0
0,2.006376430518872,10,0,1,0,0
0,2.413041995354108,5,1,2,0,0
0,1.1266944215387422,20,0,1,0,0
0,1.689673321206402,3,1,3,0,0
0,5.98636933532787,6,0,3,1,1
0,0.6394332620168198,11,0,0,0,0
0,0.3585652138251646,10,0,1,0,0
1,5.110530274576573,4,1,3,0,1
1,2.885717282296772,10,0,2,0,1
1,0.6820834201834305,12,0,1,0,0
0,0.3792684340197721,4,1,1,0,1
1,8.938193712332431,15,0,3,0,1
1,3.4826984962914636,10,0,2,5,1
0,1.8239667129113097,10,0,1,0,0
0,3.066666586754768,18,0,1,1,1
1,4.68347007154708,7,0,3,0,1
0,0.31010432048207054,8,0,1,0,0
1,14.949420493989363,3,1,4,0,1
0,1.5658334527916518,12,0,0,0,0
1,1.0471516292775263,19,0,1,0,0
0,4.527403150177725,18,0,1,1,1
1,2.6705630793107322,1,1,6,1,1
1,0.7000718890822984,18,0,1,0,0
0,1.2604053948089884,14,0,0,0,0
1,1.2755905828168312,16,0,1,0,0
0,0.5436734271044357,13,0,0,0,0
0,1.3312538068719575,23,1,1,0,0
0,1.4270700970844648,16,0,2,0,0
1,0.5045757792251211,23,1,1,0,0
0,1.1776311660700198,0,1,1,0,0
0,1.1946421578682098,18,0,2,0,0
0,0.7595458769243125,14,0,0,0,0
0,0.5737250731730176,16,0,2,0,0
0,2.9615020942039703,17,0,6,1,1
0,2.258269941240903,12,0,2,0,0
0,1.1577366227043115,15,0,0,0,0
0,0.47351484093835794,18,0,1,0,0
1,0.4060143500609351,2,1,0,0,0
0,0.8411579579337919,14,0,2,0,0
1,3.1923310746239792,0,1,3,0,0
0,0.6997266318796597,11,0,0,0,0
0,0.8830643851910466,3,1,3,0,0
0,0.5269188656612234,3,1,1,0,0
0,0.5326059944872029,16,0,3,0,0
1,0.6637319077760057,5,1,0,0,0
0,0.7465665128189356,23,1,2,0,0
0,0.5233421415743729,9,0,1,0,0
1,3.8996078934376013,0,1,2,2,1
1,1.477667178068199,3,1,3,1,1
1,0.3835448431350065,10,0,0,0,0
1,0.5859852892116313,18,0,1,0,0
1,4.224995967823574,4,1,1,2,1
1,1.7619974943304233,9,0,2,2,1
1,3.7970691942313217,8,0,0,0,1
0,0.7272136413938265,8,0,1,0,0
1,3.1461668282922797,6,0,7,4,1
0,1.259363027429732,1,1,0,0,0
1,3.1788037956035815,0,1,1,0,1
1,1.2459156205428932,19,0,0,0,0
0,1.056975747693713,8,0,3,0,0
0,8.413292930080917,2,1,6,0,1
1,3.206113031400807,0,1,2,1,1
1,19.134855979855196,4,1,4,0,1
0,7.3180608842118735,3,1,1,2,1
0,1.1083023835607904,23,1,1,0,0
0,0.6734342196995596,19,0,0,0,0
1,2.1358155599347337,21,0,2,1,1
0,0.4366734514300871,13,0,0,0,0
1,2.5480778611340384,3,1,4,0,1
0,0.797963656755618,8,0,2,0,0
1,7.439370268970716,2,1,2,1,0
1,2.4755173799487493,7,0,1,4,1
1,1.5568877188103272,19,0,1,0,0
1,0.6040689509870997,0,1,2,0,1
0,0.8305118646754086,5,1,1,0,0
1,0.3231602532224013,14,0,0,0,0
0,1.6603767963347025,15,0,1,0,0
0,1.7451313994618494,19,0,0,0,0
0,0.45574038812276574,13,0,1,0,0
1,0.6029841519387318,23,1,0,0,0
0,0.5350581789328824,14,0,2,0,0
1,3.6838579172312187,2,1,1,0,1
1,2.5873363425874207,0,1,3,0,1
0,0.9037475700143857,16,0,1,0,0
0,0.6534943197643497,8,0,0,0,0
1,2.0758994079173863,10,0,1,3,1
0,0.6849180299736838,10,0,2,0,0
0,0.6978732532860784,13,0,3,0,0
0,1.0706286475256086,7,0,0,0,0
0,0.6578806796341219,23,1,3,0,0
0,0.46347806407982484,5,1,3,0,1
0,1.4302705762549668,20,0,1,0,0
0,0.7677730262877763,11,0,1,0,0
0,0.7669501717342917,6,0,0,0,0
0,0.844751290146805,17,0,2,0,0
0,8.144362762593508,1,1,0,2,1
1,1.4926459753060974,0,1,1,0,1
0,0.8715979289905891,5,1,1,0,0
1,3.9453149364125006,1,1,4,0,1
0,0.5739486525181557,19,0,4,0,0
1,5.460693047687886,12,0,0,0,1
1,2.4026503640731733,3,1,4,1,1
1,3.91704605047268,10,0,2,0,1
0,2.564491761107776,16,0,3,0,0
0,1.3176028080245152,12,0,3,0,0
1,4.338174002412237,19,0,2,0,1
0,2.8922617054297417,23,1,1,0,0
0,1.2678114249602803,15,0,2,0,0
1,1.9694212144422407,1,1,1,0,0
1,1.2616300151551731,8,0,3,1,1
1,1.606997847280371,0,1,1,0,1
0,1.8135755514272218,17,0,2,0,0
1,8.409294002405487,0,1,1,4,1
0,1.0855357892015005,10,0,1,0,0
0,3.653760353985822,5,1,2,2,1
0,0.5804648570775804,11,0,3,0,0
1,3.9340258431015376,6,0,1,0,1
0,0.9394088212229652,19,0,3,0,0
1,1.1458547502485097,13,0,1,0,0
0,1.5615663470014318,15,0,3,0,0
1,1.1969105524667738,11,0,0,0,0
0,1.1224401139702207,12,0,1,0,0
1,5.5848302482181165,10,0,2,0,1
0,1.4883642630612341,12,0,0,0,0
1,0.7728567115473327,23,1,1,0,0
0,0.8599849515671398,22,0,2,0,0
1,8.165783157403979,18,0,1,4,1
0,1.7961613709852202,19,0,2,0,0
1,1.678981099912458,13,0,1,0,0
0,1.8522513490308419,15,0,2,0,0
1,2.4057358201568073,0,1,0,0,1
1,3.8969117864296527,0,1,0,0,1
0,0.5143706196807695,12,0,1,0,0
0,0.7266661701199532,9,0,0,0,0
0,0.6678057533176425,15,0,0,0,0
0,0.29231397720463853,15,0,1,0,0
0,0.6538871358517697,14,0,3,0,1
0,6.358640196799725,7,0,3,3,1
1,0.5711559195158855,3,1,1,0,0
0,0.8670789750742929,14,0,0,0,0
1,4.079481125318826,8,0,1,1,1
1,2.3617606973001055,2,1,2,0,1
1,0.45335331709548027,16,0,0,0,0
1,1.3297435736505172,12,0,3,3,1
0,1.0334325533597524,12,0,1,0,0
1,1.9024086014726782,22,0,1,1,1
0,0.851393653384178,12,0,1,0,0
0,1.4761168040176078,12,0,4,0,0
0,2.88378857245958,17,0,3,0,0
0,1.5757004148889193,8,0,2,1,1
1,5.571507642251013,0,1,1,2,1
1,3.7961711421549453,11,0,2,0,1
1,2.096960901550983,0,1,4,0,1
1,0.7989644637277382,17,0,1,0,0
0,1.6311681781338931,12,0,0,0,0
1,3.604765280357695,10,0,0,0,0
0,1.3923233056014483,11,0,2,0,0
1,1.1135488942966338,16,0,0,0,0
0,0.6992790956721825,12,0,2,0,0
0,6.169702592814976,23,1,1,3,1
0,2.4197098083603774,6,0,2,0,0
0,1.5869708568220637,8,0,3,0,0
0,10.64284748271719,14,0,4,3,1
0,6.1449626876840355,11,0,3,0,1
0,2.5923754979253095,12,0,0,0,0
1,9.001939290341427,11,0,0,2,1
0,2.5054209495727,6,0,0,0,0
1,3.9371432661244805,6,0,5,3,1
0,0.9338551441634876,14,0,1,0,0
0,0.9726431580247707,10,0,0,0,0
0,0.44881820419003965,20,0,2,0,0
0,0.704951657754434,21,0,3,0,0
1,5.781350890775148,6,0,3,4,1
0,0.5634264610764761,19,0,1,0,0
1,2.029570087068979,12,0,2,1,1
0,0.9171485968434755,15,0,0,0,0
0,0.8593108787705163,8,0,0,0,0
0,0.491547388348828,5,1,0,0,0
1,4.808553936238318,5,1,1,4,1
0,5.300111437560929,1,1,2,0,1
0,5.644120819035385,0,1,0,5,1
1,0.6608846799318098,16,0,1,0,0
1,3.3668313804961882,13,0,1,0,1
0,0.43619285734760693,19,0,0,0,0
1,1.8549220718120394,0,1,4,3,1
1,3.8089836093169094,22,0,1,2,1
0,2.202519880273641,19,0,3,0,0
1,0.9137255614932978,12,0,2,0,0
0,7.066281330341796,18,0,2,1,0
0,0.9181935488023334,6,0,2,0,0
1,0.5909854323759437,17,0,1,0,0
1,0.899891444922544,8,0,2,0,0
1,2.77321080220379,20,0,3,0,1
0,1.0413198964354715,11,0,2,0,0
0,1.61797902605191,16,0,1,0,0
0,3.3264836723858733,2,1,3,0,1
0,0.8142697208925309,21,0,1,0,0
0,2.9068878761702064,3,1,4,0,1
0,0.7095505879985567,8,0,0,0,0
1,7.937895144439906,12,0,1,0,1
0,1.5200426694228732,15,0,2,0,0
0,0.8335328335653541,0,1,1,0,1
1,3.905961714915587,7,0,2,0,1
1,0.7233487401911421,10,0,1,0,0
0,0.2957656587503877,18,0,2,0,0
0,1.7280138351316778,23,1,0,0,1
0,1.1891511304446347,20,0,1,0,0
1,8.423218924171858,1,1,0,4,1
1,2.72603430644329,4,1,2,0,1
0,1.0514468256835316,15,0,1,0,0
0,8.481203147398837,2,1,4,1,1
0,0.9185963155422037,13,0,1,0,0
0,1.4926241509387925,1,1,2,0,0
0,1.89388406014574,20,0,0,0,0
1,5.832416923003556,6,0,2,0,1
1,2.115328538580957,5,1,0,0,0
0,0.9402192754998326,12,0,0,0,0
0,0.6862777160984745,18,0,1,0,0
1,5.578757945530394,9,0,5,1,1
0,1.2542143719968954,10,0,0,0,0
0,4.706977041152954,4,1,3,0,1
1,2.137296768761372,16,0,3,0,0
0,0.8937172070079887,18,0,0,0,0
0,0.9985485875206866,7,0,1,0,0
0,1.560032615262217,12,0,0,0,0
0,0.5599433601914369,15,0,0,0,0
0,0.3197010550853934,13,0,2,0,0
0,1.4286504125884023,11,0,1,0,0
0,1.8897440268634185,9,0,2,0,0
0,1.1862271109674696,6,0,1,0,0
0,1.3012808141017913,14,0,0,0,0
1,2.1076124319031,15,0,2,3,1
0,0.493386000741753,9,0,1,0,0
0,1.0821544939418704,6,0,0,0,0
0,2.4131270029058864,3,1,1,4,1
1,6.628912342187166,4,1,2,0,1
1,6.6679520130966745,23,1,2,2,1
0,0.6835491337378916,12,0,1,0,1
1,0.9211688723194444,19,0,0,0,0
1,0.37199512442340954,11,0,0,0,0
1,5.651892961553626,10,0,4,0,1
0,0.8269997286647922,9,0,2,0,0
0,17.59720491943164,0,1,0,0,1
1,0.692784195792602,12,0,0,0,0
0,1.0507506477330224,8,0,0,0,0
0,0.7200593706980296,12,0,2,0,0
1,4.3261709983668215,17,0,7,0,1
0,0.7689649952979336,14,0,3,0,0
1,6.002304179642089,4,1,0,0,1
0,0.5152019295936167,11,0,0,0,0
0,0.6907336019222714,12,0,0,0,0
1,4.222667156188468,5,1,2,2,1
1,0.4567910904416201,17,0,0,0,0
0,1.450171890184944,5,1,4,2,1
1,8.910385864559974,0,1,2,3,1
0,0.5358966789894571,20,0,3,0,0
0,1.0921479030975345,23,1,1,0,0
0,2.504137837793894,14,0,1,0,0
0,1.1319722917847908,11,0,0,0,0
0,0.957469924836021,20,0,1,0,0
0,1.8444815586148064,10,0,2,0,0
1,1.128631353628239,17,0,0,0,0
1,3.802690264946248,5,1,7,1,1
0,0.5186570880371575,2,1,0,0,0
1,1.81893149694441,9,0,1,0,1
0,1.0359250417626238,11,0,2,0,0
0,1.7904301579968727,11,0,3,0,0
0,0.9490168110470338,14,0,1,0,0
0,0.6241686491391389,23,1,1,0,0
0,1.7987638389209748,19,0,0,0,0
0,3.68029585444768,23,1,2,0,0
0,1.798302250005206,11,0,2,0,0
0,6.1133046104040805,0,1,2,2,1
0,0.502601939824565,10,0,1,0,0
0,0.7576105117239774,14,0,0,0,0
0,0.9931464039479683,13,0,4,0,0
0,2.952302622122657,15,0,2,0,0
0,1.6616781596709005,10,0,2,0,0
0,0.5264631705631511,10,0,1,0,0
1,2.3164453086420806,5,1,2,0,1
1,3.5414530014699785,7,0,0,1,1
0,0.6226086864655672,10,0,2,0,0
0,0.9199851659407977,15,0,0,0,0
0,8.827431846303599,0,1,3,3,1
0,1.269604312188465,22,0,2,0,0
1,4.6336516667532,3,1,1,3,1
0,1.7220984816207947,14,0,1,0,0
1,1.5143207371702447,0,1,2,4,1
0,0.9336876197561419,16,0,0,0,0
0,2.759878053889436,9,0,2,0,0
0,1.189253064807265,12,0,2,0,0
0,0.43013024664749,11,0,0,0,0
0,1.3024885994351307,0,1,1,0,0
0,0.5575895366654753,17,0,0,0,0
1,1.406629271671129,3,1,0,0,0
0,0.5660165323324449,15,0,0,0,0
1,4.837699653222365,1,1,4,0,1
0,2.6811859784344207,4,1,4,1,1
1,2.8443521439079196,0,1,2,0,1
0,0.5475226779196779,9,0,1,0,0
0,0.4629310352546222,16,0,3,0,0
1,1.5429307915008108,16,0,6,0,1
0,1.713664314580386,18,0,1,0,0
1,2.933256015949112,6,0,6,2,1
0,1.0577217905041045,23,1,1,0,0
0,1.0059825912408906,14,0,2,0,0
1,1.1922150929993967,8,0,2,0,0
0,0.9240301163923266,7,0,0,0,0
1,0.31388954417471,5,1,1,0,0
1,0.8310298989345001,12,0,1,0,1
0,0.34916773676658347,9,0,0,0,0
0,1.1044918210601384,12,0,3,0,0
0,1.2018120946406923,12,0,1,0,0
0,0.6963663881600772,7,0,2,0,0
1,1.452031697370133,8,0,4,2,1
0,3.1075110550966505,17,0,1,0,0
0,10.409219921106331,0,1,7,0,1
0,0.5935255050969627,20,0,3,0,0
0,1.4667045495111906,10,0,3,2,1
1,5.193579110307363,0,1,3,0,1
1,4.66738547733382,7,0,4,0,1
1,3.756729362138761,23,1,3,0,1
0,0.5354805037520319,5,1,0,0,0
1,2.7632181000352083,0,1,5,0,1
0,1.7487778985162268,5,1,0,0,0
1,0.5695107882846602,12,0,2,0,0
0,0.5137220709078505,8,0,1,0,0
1,0.9365584691628904,7,0,1,0,0
1,0.8598850106606816,12,0,1,0,0
1,1.1567364103041038,23,1,1,0,0
0,0.4832013026763303,11,0,0,0,0
0,2.6076864112510934,19,0,2,0,0
0,1.0254974020414351,23,1,0,0,0
0,0.7319372245341375,10,0,2,0,0
0,0.9912570307573396,12,0,1,0,0
0,2.017739906337129,12,0,0,0,0
1,2.2732282246342774,9,0,4,4,1
1,4.817722625783111,7,0,2,0,1
0,1.0608301187182023,12,0,0,0,0
0,1.5019247746537034,9,0,6,0,0
1,2.1740320758473235,4,1,7,0,1
0,0.6537045311768169,19,0,1,0,0
0,1.4403092347564468,7,0,1,0,0
1,0.5742849783230368,19,0,1,0,0
0,1.4510692349622978,12,0,2,0,0
1,2.98209700403933,1,1,3,0,1
1,3.378335396097025,10,0,1,0,0
1,3.4799900989634485,3,1,1,0,1
0,1.82410036665274,12,0,1,0,0
0,1.3566369250699888,23,1,0,0,0
0,1.841786639260425,5,1,0,0,0
0,1.6034558015877207,23,1,0,0,0
0,1.8607506813119183,16,0,1,0,1
1,4.273835045362032,7,0,1,1,1
0,0.7545840707821165,11,0,0,0,0
0,2.2765618267238,13,0,1,0,0
0,0.8209135671743925,7,0,0,0,0
0,2.5926009477085383,13,0,0,0,0
0,0.4941531871226341,12,0,0,0,1
0,2.1400950124054323,21,0,2,0,0
0,0.36726024613443126,13,0,1,0,0
0,0.9851003903127228,14,0,1,0,0
0,3.8334895168834455,23,1,3,3,1
0,1.9869234927823682,22,0,0,0,0
1,1.418502428387605,11,0,3,0,1
1,2.105446875927464,14,0,2,2,1
0,0.6288436633710295,23,1,3,0,0
0,0.6838267242722798,10,0,1,0,0
1,1.5406209263998698,14,0,2,1,1
0,1.8451871848507684,12,0,0,0,0
0,1.00871072852784,9,0,2,0,0
0,10.143206887203883,0,1,3,0,1
0,1.4517205704113665,19,0,1,0,0
1,3.2241154611903884,5,1,6,2,1
0,0.9175092836843349,13,0,3,0,0
0,2.5562277876259323,8,0,1,0,1
0,0.7159571195921713,17,0,2,0,0
0,2.225015846182731,0,1,1,0,0
1,7.412059101051021,3,1,2,5,1
1,1.6855749742500723,10,0,1,0,1
1,7.010230844086835,0,1,0,1,1
0,1.4110101276564262,6,0,4,0,0
0,0.2521739834443674,16,0,2,0,0
0,1.2604571906503674,22,0,2,0,1
0,2.670638974149683,23,1,0,0,0
1,5.253151469844196,5,1,0,3,1
0,0.9912813611256185,8,0,2,0,0
0,1.5803308017541982,17,0,0,0,0
0,1.484025070807183,20,0,1,0,0
0,1.3838360866814317,9,0,0,0,0
0,0.7763788540509057,12,0,3,0,0
0,0.6485000445257799,20,0,2,0,1
1,1.6593134126554316,2,1,3,2,1
0,1.3746514632499518,0,1,0,0,0
0,0.5800569097078753,10,0,1,0,0
0,1.3019641332757754,16,0,1,0,0
0,3.4945343800786266,6,0,4,0,1
0,0.863551669813899,21,0,3,0,0
0,1.018829305135999,21,0,3,2,1
0,5.841335904053517,4,1,2,1,1
1,2.098529132321239,0,1,5,2,1
0,0.95387077390743,17,0,1,0,0
1,5.738477225432948,14,0,2,3,1
0,1.9141062970686218,18,0,0,0,0
1,0.8978850040393104,10,0,1,0,0
0,0.4912197607007586,20,0,1,0,0
1,15.920431421133937,0,1,1,1,0
1,2.2944233011435986,21,0,0,0,0
0,1.3594330829348917,16,0,1,0,0
0,0.742223247565971,11,0,2,0,0
0,0.7415883040163523,20,0,0,0,0
0,1.5387955887438494,19,0,0,0,0
0,0.6329979222912324,15,0,0,0,0
0,1.2453059488318534,14,0,0,0,0
0,0.4631949568419554,19,0,1,0,0
1,1.045902801793906,11,0,0,0,1
0,1.3200638600506183,1,1,2,0,0
1,2.09537193437808,20,0,1,0,0
1,0.5406559014764574,11,0,2,0,0
1,1.521740838922271,16,0,3,0,0
0,0.42362733856216944,13,0,1,0,0
1,5.544445629396807,0,1,1,0,1
1,8.086313077541675,5,1,2,0,1
1,1.3785940122332563,18,0,2,0,0
0,1.2302343954530124,23,1,1,0,0
1,2.7433177404417273,9,0,3,0,1
1,5.103614637358706,4,1,1,0,1
0,0.6968534284985359,11,0,3,0,0
1,3.9776801318926434,17,0,2,0,1
0,0.3990753640234553,11,0,1,0,0
1,4.019445858979174,2,1,0,0,1
0,0.6176164818976652,16,0,0,0,0
0,0.868825815660409,15,0,5,0,0
1,2.1670199509110595,0,1,5,4,0
0,1.0485554236076513,9,0,2,0,1
0,0.8496645888539627,16,0,1,0,0
0,1.3283693757207014,17,0,0,0,0
0,1.4016629161477372,18,0,2,0,0
1,6.094869160459151,5,1,2,1,1
0,0.9867664996267089,4,1,3,0,0
1,0.34548738032786797,23,1,5,0,0
1,0.844869485196143,13,0,0,0,0
0,1.0163167377877518,17,0,5,0,0
0,0.8827582014706239,13,0,3,0,0
0,2.825682465007469,14,0,3,0,0
1,10.015742165336976,1,1,2,4,1
0,1.191372791971491,20,0,3,0,0
1,7.231964949103601,4,1,1,0,1
1,1.8157203466449103,11,0,0,0,1
0,1.5500555846712292,23,1,0,0,0
0,3.117690536782847,23,1,1,0,0
1,3.04796250020376,1,1,1,2,1
0,3.48639846810523,0,1,4,4,1
1,6.080663444958009,6,0,1,0,1
0,0.6062745651852891,5,1,2,0,0
0,1.423710164985708,13,0,1,0,0
1,2.0763807378260006,17,0,1,0,1
0,0.8447497265837401,23,1,1,0,0
0,0.5673120109325235,22,0,2,0,0
0,1.557679135423582,19,0,1,0,0
1,6.3334818299088,6,0,6,0,1
0,0.6108989801734145,17,0,0,0,0
1,1.4056724097907634,12,0,2,0,0
0,1.6194161964687142,2,1,3,0,0
0,0.6575430919035962,17,0,2,0,0
1,1.175824755620813,13,0,3,0,0
0,1.863308801626038,11,0,2,0,0
1,1.4577064933452986,18,0,3,0,1
0,0.46073930539673424,11,0,1,0,0
0,1.3326571366045548,20,0,0,0,0
0,1.0167621933123967,21,0,0,0,0
0,2.314364360983629,13,0,2,0,0
1,1.1247490808959402,6,0,0,0,0
1,5.790250218952154,6,0,4,0,1
1,0.9226363211338714,8,0,1,0,0
0,0.8068570805099656,14,0,1,0,1
0,0.5086994221790689,6,0,1,0,0
0,1.5018329739624077,4,1,1,0,0
1,4.615058735534565,15,0,1,4,1
1,3.004010436506971,0,1,3,0,1
0,0.9007856980490647,2,1,0,0,1
1,4.055630366517629,20,0,4,5,1
0,0.40449873874677017,17,0,3,0,0
1,1.4406990984435524,7,0,2,0,0
1,4.008618487386259,5,1,0,3,1
0,1.2921067358530485,16,0,2,0,0
0,0.7772611608755673,10,0,0,0,0
0,1.0940357533647738,11,0,0,0,0
0,1.2671593949906292,23,1,1,0,0
1,11.445217472163533,1,1,2,3,1
0,1.3437188574119856,7,0,0,0,0
1,0.7544730558236689,12,0,0,0,0
0,1.5407858797145033,13,0,0,0,1
1,0.752371526252233,0,1,3,0,1
0,0.8296044807315449,13,0,0,0,0
0,1.3555752028651091,16,0,3,0,0
1,4.721687628519706,16,0,1,0,1
1,0.783220287715065,6,0,0,0,0
0,0.8706330802461297,18,0,2,0,0
0,1.1826188139086284,0,1,1,0,0
0,2.17960448813423,5,1,2,0,1
0,3.147953822665962,14,0,1,0,0
0,0.3096936629194958,13,0,0,0,0
0,1.1493154103690166,23,1,0,0,0
1,6.276341163477113,1,1,3,1,1
1,10.298954975098015,11,0,1,2,0
0,0.44070047545014307,9,0,0,0,0
0,0.624933144065326,9,0,0,0,1
1,0.43996168965939303,14,0,0,0,0
0,2.3124264838299045,12,0,0,0,0
1,1.0515125331721982,23,1,0,0,0
1,0.43918694581931933,19,0,1,0,0
1,0.731387361565584,17,0,5,0,0
0,0.5629414541819436,14,0,1,0,0
1,4.658153669265413,3,1,1,3,1
0,1.5704496015026832,10,0,5,0,0
0,2.0815416290803492,23,1,1,0,0
1,16.168565868405718,17,0,1,0,1
0,5.113695546898016,0,1,3,4,0
1,2.5885496695999626,8,0,1,2,1
0,1.8167913419886201,14,0,2,0,0
0,1.2898941916932494,20,0,0,0,0
0,1.9886030411489914,11,0,1,0,0
0,2.5720153462266406,9,0,1,0,0
0,1.5357025146786616,11,0,2,0,1
0,1.02998750027494,16,0,0,0,0
0,0.6574227221060818,22,0,0,0,0
0,0.9815245758774718,11,0,0,0,0
0,0.8482289434206614,18,0,2,0,0
1,6.861629908354755,10,0,2,4,1
0,1.474820783201471,14,0,1,0,0
0,0.7805578401765852,8,0,1,0,0
0,9.472022549501641,22,0,5,2,1
0,1.0777992244977221,5,1,0,0,0
1,5.637114438408764,18,0,6,0,1
1,0.7821017646510834,15,0,2,0,0
0,0.7427579161630693,16,0,1,0,0
0,1.3258111126325456,17,0,0,0,0
1,1.8631717257983011,0,1,2,1,1
0,0.6412097473600644,7,0,2,0,0
1,7.830944180556633,4,1,5,0,1
1,8.71111777635786,0,1,2,0,1
0,0.4712481955945163,7,0,2,0,0
0,0.8474591931556619,17,0,2,0,0
1,4.151604599855327,0,1,4,4,1
0,0.8092310002539136,13,0,2,0,0
1,2.5119901546828807,14,0,3,0,0
0,0.8936329632548623,8,0,3,0,0
0,1.3298635592947883,6,0,1,0,0
0,1.613343910891634,14,0,2,0,0
0,0.7067010252229604,13,0,2,0,0
1,7.437113507990328,0,1,3,4,1
0,1.3363004292453204,13,0,3,0,0
0,0.9778818078749957,15,0,0,0,0
1,3.0227897711139486,5,1,3,2,1
0,1.0400817887162932,12,0,2,0,0
0,1.3935295632246458,7,0,2,0,1
1,4.095663560877432,3,1,1,1,1
0,1.5826064070281556,23,1,2,0,0
1,1.351889747668799,16,0,1,0,0
0,3.893028915240543,13,0,2,0,1
1,0.7990896761641946,11,0,0,0,0
1,0.7616307579958356,1,1,5,0,0
1,1.1492066827373104,17,0,0,0,0
1,1.7542865367185114,10,0,0,0,0
0,1.0980258019909102,12,0,2,0,0
0,2.652509783915881,13,0,0,0,0
1,2.2142928244628126,23,1,2,0,0
0,0.4859730289821873,14,0,0,0,0
0,0.6458099740728479,16,0,3,0,0
0,0.734921643754789,17,0,0,0,0
0,0.6571772569229871,12,0,1,0,0
0,1.7966150026509704,12,0,2,0,0
1,1.8526326901971004,19,0,0,0,0
0,2.705657354013666,23,1,2,0,0
0,0.6075107697733622,10,0,2,0,0
1,10.311862573215388,3,1,4,4,1
0,1.1071581464839069,23,1,0,0,0
0,0.8537462195396344,6,0,0,0,0
0,1.1453135946883304,16,0,0,0,0
1,4.0433144113815365,0,1,5,0,1
0,0.877914687621426,4,1,2,0,0
0,1.4297547205897745,17,0,1,0,0
1,5.317545326310595,15,0,4,0,1
0,1.4406701409307718,15,0,4,0,1
1,3.235230608183858,12,0,4,3,1
0,1.1995464198846895,16,0,2,0,0
1,5.363639361853705,0,1,2,2,1
1,0.9183241660667617,16,0,0,0,0
0,0.970735385501788,18,0,5,0,0
0,1.1641544198712692,11,0,1,0,0
1,0.4198873757336055,23,1,1,0,0
1,3.4571894837996817,4,1,1,2,1
0,1.2427653145269308,16,0,0,0,0
0,0.4305525339800388,9,0,1,0,0
1,2.9074381625736043,0,1,2,3,0
0,1.0314424318491036,13,0,2,0,0
0,1.1464390135002773,15,0,3,0,0
1,0.9092715821718458,17,0,2,0,0
0,4.9833992144204515,6,0,7,1,1
0,0.8736898432105396,4,1,0,0,1
0,1.3236210493330247,15,0,2,0,0
1,5.09164249107836,14,0,1,1,1
0,2.1412421962515626,17,0,2,1,1
1,7.488200240605301,0,1,4,1,1
0,1.4022985660800307,13,0,4,0,0
0,1.2004989191210034,13,0,2,0,0
1,5.536437652428222,0,1,2,0,1
1,3.723325037431001,0,1,2,3,1
0,9.331867775555022,15,0,4,1,1
0,1.0253028038501055,16,0,1,0,0
1,1.793159518441593,13,0,2,0,0
0,0.6326033081665451,7,0,2,0,0
0,0.926574092416234,8,0,0,0,0
1,1.526951686600302,8,0,1,0,1
0,1.5287233285877075,17,0,0,0,0
0,1.0829067835912423,13,0,1,0,0
1,0.906820126599406,13,0,2,0,0
0,2.0555395929376523,14,0,2,0,0
1,1.1213777285176227,1,1,1,3,1
1,6.207408875666553,19,0,3,4,1
0,0.36711800549339896,13,0,0,0,0
0,1.391996708495325,14,0,0,0,0
1,2.0165321954963344,1,1,5,0,1
0,0.782400499862333,12,0,3,0,0
0,3.0911863281760676,7,0,0,0,1
0,10.724301852896485,0,1,2,3,1
0,2.721831798349145,0,1,2,2,1
1,1.1996388348761864,6,0,3,0,0
0,1.0003291582722025,9,0,2,0,0
0,0.41186965599081765,10,0,2,0,0
1,2.671989727108788,9,0,1,2,1
0,0.919626730604925,23,1,1,0,0
0,0.5164911723142193,10,0,1,0,0
1,7.988014437219363,8,0,3,5,1
0,2.0128833383358966,13,0,2,0,0
1,2.8946214105700316,15,0,1,0,1
1,0.6762898916827993,11,0,2,0,0
0,0.7470990271636482,13,0,1,0,0
0,3.1105709191809447,14,0,0,0,0
0,1.9592699732426437,3,1,4,0,1
0,1.4164943277399586,2,1,0,0,0
1,3.1435005807290586,12,0,2,2,1
0,0.5099710730461237,20,0,2,0,0
1,0.7680125816108001,10,0,1,0,0
0,1.2661173364481064,18,0,1,0,0
1,5.723179842498362,13,0,2,0,1
1,0.5083249114652806,0,1,1,0,0
1,0.9605980718841511,14,0,0,0,0
0,1.6965463657725175,10,0,5,0,0
0,0.809546964071762,11,0,0,0,0
1,1.4841778487909534,0,1,4,0,1
1,14.16582625610835,6,0,2,0,1
0,1.6378841286259882,1,1,0,0,0
0,1.037779244572347,7,0,1,0,0
0,1.77754553272395,10,0,4,0,1
1,4.15805509978177,10,0,2,0,1
0,5.503511472838085,6,0,2,2,1
0,0.5811274880999385,8,0,1,0,0
0,2.463873398760056,8,0,0,0,0
1,0.9243551530432605,0,1,1,0,0
0,0.2708749783207767,6,0,0,0,0
1,16.89504131517839,3,1,2,0,1
0,0.4884479396728367,15,0,0,0,0
1,1.956433496815434,11,0,2,4,1
0,0.28494348046917856,3,1,2,0,0
1,3.731453329228683,20,0,0,0,0
0,3.1882082910645435,0,1,4,0,1
1,1.3063935297963383,6,0,2,3,1
0,0.8662395696260734,10,0,0,0,0
0,2.031281128375459,10,0,0,0,0
0,1.529963075726377,14,0,2,0,0
1,7.726715117386149,1,1,1,3,1
1,6.844075770164821,0,1,2,4,1
1,0.9521409147634868,9,0,3,0,0
0,0.7327739643130289,17,0,0,0,1
0,0.7934357661424178,5,1,0,0,0
0,1.4459373324366194,21,0,1,0,0
1,0.950608299849249,10,0,2,0,0
1,0.6774619336929312,17,0,0,0,0
1,5.173177100905437,0,1,0,0,1
0,1.5668792389090604,10,0,2,0,0
0,3.0559403141792036,21,0,2,0,0
0,0.4050509658213799,14,0,4,0,0
0,0.6363257997321197,1,1,1,0,0
0,0.986951169099378,18,0,0,0,0
0,1.1419298024487126,7,0,0,0,0
1,4.108535858195482,5,1,3,0,1
1,2.6826943822700677,0,1,2,2,1
0,2.119240085092844,16,0,0,0,0
1,12.088840674011264,2,1,0,0,1
0,0.65966411629738,16,0,2,0,0
0,0.6166850984889493,15,0,1,0,0
0,7.5279289447997035,4,1,1,4,1
1,2.649889062357466,4,1,3,0,1
1,2.6355621016571056,13,0,5,1,1
1,3.487363679293514,0,1,3,0,1
0,2.4626512577018556,12,0,6,3,1
0,0.615882371605159,17,0,2,0,0
1,2.6341235725592216,14,0,2,4,1
0,0.589950354535489,12,0,1,0,0
0,1.3540703129497347,17,0,1,0,1
1,1.6685398064127632,0,1,7,0,0
0,5.934671082848601,17,0,1,0,1
1,2.5457278126275598,18,0,0,0,0
0,1.1690850929107575,11,0,3,0,0
1,0.7020022179069912,18,0,0,0,0
1,0.9732858750263104,18,0,0,0,0
1,2.848614083921242,15,0,2,0,1
0,0.5489758031170112,6,0,2,0,0
1,2.384313333047456,0,1,1,1,1
0,0.9113707743758788,16,0,3,0,0
1,0.7474982304163843,13,0,2,0,0
0,1.0806622677871995,11,0,1,0,0
0,0.3651827957582447,4,1,1,0,0
1,3.189977897747835,6,0,2,1,1
0,1.9990296066088582,2,1,2,0,1
0,2.682530910314737,2,1,0,0,0
1,4.409637494683631,1,1,1,0,1
0,0.6311398061632081,12,0,0,0,0
0,2.0834827892199055,18,0,2,0,0
0,0.661872461436973,13,0,0,0,0
0,1.1230166902444083,14,0,0,0,0
0,1.5015544993086467,15,0,2,0,0
1,6.000038323592384,3,1,1,4,1
0,0.3123753096744734,10,0,2,0,0
0,1.522196060365095,8,0,0,0,0
0,2.228001244601138,0,1,2,0,0
0,1.412383438386552,15,0,0,0,1
0,0.6135589591174094,23,1,2,0,0
0,1.1578193052842136,10,0,2,0,0
1,4.714430321821727,18,0,1,0,1
1,5.648191243358937,14,0,1,0,1
0,1.0912557460521688,20,0,2,0,0
0,2.5332778705443224,3,1,4,3,1
0,0.9058044347987707,5,1,0,0,0
0,1.5196216551848145,5,1,2,0,0
0,0.6352042024964101,15,0,2,0,0
0,5.752985054228817,18,0,6,3,1
0,1.0745348111741602,5,1,1,0,0
0,1.1299113079883205,6,0,0,0,0
0,1.3852409154719068,18,0,1,0,0
1,1.6602171665776357,21,0,1,0,0
0,0.8513353119747074,3,1,0,0,0
0,0.41440626062378744,4,1,1,0,0
0,0.4245452338631397,15,0,1,0,0
0,0.713107321625022,6,0,1,0,0
0,1.7794267990728874,12,0,0,0,0
0,0.8229146779184933,13,0,1,0,0
1,3.1666135859122435,7,0,2,2,1
0,1.5974734083708881,15,0,0,0,0
0,2.256242163229968,22,0,2,0,0
1,4.689060488537695,11,0,2,0,1
0,1.1492332888507992,16,0,3,0,0
0,1.4497826809276755,23,1,1,0,0
0,0.49099844196752823,17,0,2,0,1
1,0.6240155680132791,8,0,3,0,0
0,1.8896854787519295,22,0,1,0,0
0,1.1591363457707142,14,0,2,0,0
0,1.737539869170734,21,0,0,0,0
1,2.928582942114725,3,1,1,0,1
0,4.470479716301419,3,1,6,2,1
0,3.389520786967729,0,1,2,2,1
0,0.7455296442006845,22,0,0,0,0
0,1.2835123322355764,10,0,1,0,0
1,5.9013137763700465,4,1,4,3,1
1,2.539331836139487,1,1,1,3,1
0,0.40537051242842526,23,1,1,0,0
1,9.493656586301578,0,1,1,0,1
0,0.9205857771009178,6,0,0,0,0
0,2.4119877330788553,15,0,1,0,0
0,0.4232602480799277,7,0,0,0,0
0,0.5626808153331725,7,0,2,0,0
0,1.6716349854646495,14,0,3,0,0
0,1.3033596472092301,15,0,2,0,0
0,0.8735426903039549,2,1,0,0,0
0,0.49450729741334165,5,1,2,0,0
1,0.6865685694021963,11,0,1,0,0
1,1.416641718635433,12,0,2,0,0
1,4.198707011737054,10,0,2,3,1
0,0.6513496246028645,14,0,1,0,0
0,1.1445733022856686,12,0,2,0,0
0,0.6912952339124308,23,1,1,0,0
0,0.34383348327755636,13,0,1,0,0
0,0.8504741708619594,14,0,1,0,0
1,1.6083901752114553,3,1,2,2,1
0,2.9526566284248204,13,0,4,0,1
0,1.6290418585514614,10,0,0,0,0
1,2.9240209416305296,0,1,0,2,1
1,3.612335935274287,0,1,1,3,1
1,5.575242467016366,16,0,3,0,1
0,1.7529482634896112,23,1,0,0,0
1,19.838641823845226,6,0,3,1,1
0,1.0888133914957865,15,0,4,0,0
0,1.514842955375175,19,0,2,0,0
1,0.6907845798482792,21,0,1,0,0
0,1.1088991825511962,11,0,1,0,0
1,1.8675496407162957,13,0,0,0,0
1,20.456769947106693,6,0,3,3,1
0,0.57713203896567,17,0,2,0,0
0,0.5685227208101039,6,0,1,0,0
0,1.1085243956030553,5,1,1,0,0
0,0.5612248107284397,10,0,1,0,0
0,0.6744659400415848,8,0,0,0,0
0,1.000044516472648,19,0,3,0,0
0,0.8655036639416419,23,1,2,0,0
0,1.1142429007404864,15,0,6,0,0
0,0.6958851271818081,18,0,1,0,0
1,1.586351013113593,17,0,2,4,1
0,1.4609371756022673,22,0,1,0,0
1,3.4055900073734224,0,1,1,0,1
1,6.73169629020858,5,1,4,0,1
1,1.263388654142812,0,1,0,0,1
0,0.9265959983279033,23,1,0,0,0
0,0.5003279174313864,17,0,2,0,0
1,5.711146299729604,0,1,5,4,1
0,1.67865812089685,12,0,0,0,0
0,0.27836004734583464,21,0,2,0,0
1,2.363698213650148,23,1,2,1,1
0,0.9210435741765849,10,0,0,0,0
0,0.8969021130571422,18,0,0,0,0
1,9.895733384590786,9,0,0,0,1
0,0.9792879020207809,15,0,1,0,0
1,11.170256276869301,19,0,1,0,1
0,1.0501043078688377,19,0,1,0,0
0,1.0890584785382154,15,0,4,0,0
0,2.3882703642788172,4,1,3,0,1
0,2.8081113188711866,3,1,0,0,0
1,0.552952816357726,14,0,0,0,0
1,1.3426770315036107,11,0,0,0,0
1,0.7550012020953866,15,0,1,0,0
1,1.8000243077480802,13,0,1,0,0
0,0.5421380984221207,23,1,0,0,0
1,1.5116528501684885,21,0,0,0,0
0,1.3219518091455023,0,1,0,0,0
1,12.300317710047992,10,0,4,4,1
1,2.794738184216069,14,0,1,0,0
1,0.797099481004733,23,1,1,0,0
0,0.8117710789227288,11,0,0,0,0
0,0.9141509146681617,23,1,0,0,0
0,0.7226698383057781,15,0,3,0,1
0,1.5366827843831488,16,0,0,0,0
0,1.163020589950119,16,0,0,0,0
0,7.567027426148893,6,0,1,0,1
0,12.003544378284614,9,0,2,0,1
0,1.8733042594365374,8,0,1,0,0
0,2.517546026715505,15,0,2,0,0
0,0.43280276731568174,20,0,1,0,0
0,0.9215286154244071,11,0,0,0,0
0,0.4982560125244242,11,0,0,0,0
0,1.6503441289010872,0,1,1,2,1
0,1.042884573028572,5,1,0,0,0
0,0.5454420489200629,12,0,0,0,0
0,0.2860113440129993,18,0,2,0,0
1,5.360259869718549,0,1,2,4,1
1,2.351122079705361,0,1,2,1,0
1,2.9139785068075694,18,0,2,2,1
0,0.6830871439142046,21,0,2,0,0
1,2.093329166356473,15,0,2,0,1
1,14.337029735779995,12,0,1,0,1
0,1.8921987125457571,23,1,0,0,0
1,0.8648219883270948,21,0,1,0,0
0,1.4240719843909144,12,0,1,0,0
0,1.30979057579547,12,0,0,0,0
1,1.0142641483152093,15,0,0,0,0
1,11.363443700462401,4,1,0,0,1
1,0.943439392003675,23,1,2,0,0
0,1.2276692121330044,10,0,1,0,0
1,1.249775798677669,15,0,3,0,0
1,2.465386143146032,17,0,5,3,1
0,1.0892372450425098,18,0,1,0,0
0,1.1298130702574571,15,0,0,0,0
0,1.4753510592064827,8,0,2,0,0
0,1.7184470390504487,9,0,1,0,0
0,1.103067383336884,17,0,1,0,0
0,0.5105592874239612,14,0,0,0,0
1,0.7421634078720144,16,0,1,0,0
0,1.368866064811082,12,0,2,0,0
0,0.9840298316211116,15,0,1,0,0
1,2.5721237237612242,7,0,3,1,0
0,0.4217889481986747,22,0,2,0,0
1,1.0181079533513144,18,0,1,0,0
0,0.7806186095121523,5,1,2,0,0
0,1.069626709695546,23,1,2,0,0
1,3.4510953241088522,0,1,1,0,1
0,1.0055771461360006,15,0,2,0,0
0,0.17865619383654807,20,0,1,0,0
1,6.192272559155154,4,1,3,4,0
1,0.9591834027396667,0,1,5,3,1
1,1.2658821884210427,15,0,1,0,0
0,0.9148151112608732,17,0,2,0,0
0,0.5317263461566887,13,0,1,0,0
0,1.4861673625948588,15,0,0,0,0
0,1.7609834040425054,9,0,2,0,0
0,3.3810872150059206,22,0,1,0,0
0,4.891769423554875,7,0,1,0,1
1,2.620954665319678,8,0,0,0,1
1,2.0215800378806223,18,0,1,0,0
0,10.509980365222477,0,1,1,4,1
0,0.7531463439032137,14,0,0,0,0
0,1.2239108846509448,12,0,1,0,0
1,1.1467615990159983,17,0,1,0,0
1,2.5209546936672744,8,0,4,1,1
1,5.407766863175896,2,1,3,3,1
1,1.2010167437011048,5,1,0,0,0
1,5.486598522044454,0,1,1,0,1
1,0.7503365234316876,14,0,1,0,0
0,0.8986558635400324,6,0,0,0,0
0,0.6689305868677238,11,0,2,0,0
0,1.0067367985401794,6,0,2,0,1
1,2.976285430070581,7,0,2,0,1
1,0.9978399735503263,11,0,2,0,0
0,0.9140831443178122,19,0,2,0,0
1,0.8157451115099734,4,1,0,0,1
0,0.4825947956037261,15,0,2,0,0
1,6.989906966159186,0,1,0,0,1
0,0.6763538204500257,11,0,3,0,0
0,0.6818392936650675,23,1,3,0,0
0,1.1131087127616937,12,0,0,0,0
0,5.623887783275156,15,0,3,0,0
1,5.106706331474181,0,1,3,5,1
1,1.781475919200545,0,1,2,2,1
0,1.8270189656415856,2,1,0,1,1
0,1.3932068759360443,12,0,0,0,0
0,3.3566600833286286,21,0,3,0,1
1,3.6772113885804303,19,0,2,0,1
0,0.7322447933380087,11,0,0,0,0
0,3.161447640298168,18,0,0,0,0
0,1.2843236822681432,13,0,2,0,0
0,2.622167528047321,22,0,0,0,0
1,4.762383485751166,9,0,4,4,1
1,1.058522509400913,17,0,0,0,0
1,0.5464180961634886,8,0,0,0,0
1,5.629515352638095,0,1,2,0,1
1,1.5622478888708784,1,1,1,0,0
1,0.7931663496192816,9,0,2,0,0
0,0.8980095438100617,12,0,1,0,0
0,1.178431110464654,19,0,0,0,0
1,3.7556472986958798,8,0,3,2,1
0,1.2945314125126484,19,0,2,0,0
1,1.3304368247621048,23,1,1,0,1
0,0.42287389152235366,9,0,1,0,0
1,2.86763105273837,8,0,2,3,1
0,1.1070316701968586,22,0,0,0,0
0,10.00532799589618,0,1,2,1,1
0,0.7149336513881147,9,0,3,0,0
0,0.9623349695416807,13,0,0,0,0
1,2.3383762003802313,8,0,9,5,1
0,0.8983571659428403,13,0,2,0,0
0,1.206923399093783,8,0,2,0,1
1,4.72954676696515,16,0,1,0,1
1,2.011710028429221,4,1,3,0,0
0,0.5967849132747834,16,0,1,0,0
0,0.8222067278373033,15,0,1,0,0
0,0.49673288149963796,16,0,0,0,0
1,0.5638490054449159,7,0,3,0,0
1,2.306640436333067,5,1,2,0,1
0,1.0926770381121915,16,0,3,0,0
0,0.9777470131487181,16,0,0,0,0
0,0.31127188478737516,23,1,2,0,0
1,2.1726335735422158,17,0,2,0,0
0,0.6837964151656619,3,1,0,0,0
1,0.4325794054186704,8,0,2,0,0
1,0.7839615067430044,9,0,1,0,0
0,0.7304021598012316,10,0,0,0,0
0,2.155917385957474,6,0,2,1,1
0,1.2274855300743843,7,0,2,0,1
0,8.883019557534018,6,0,3,1,0
0,1.1128836224059828,20,0,0,0,0
0,3.7213198071031233,0,1,1,0,1
1,0.6674633737702723,1,1,0,0,0
0,0.8305282618436423,21,0,2,0,0
1,2.769703337450086,13,0,2,0,1
0,0.8330956917026843,13,0,0,0,0
0,2.4484355892747764,4,1,2,0,0
0,1.2050561449986887,22,0,1,0,0
0,1.31126469496531,18,0,0,0,0
0,0.9471779290856427,11,0,2,0,0
0,1.883951147787117,10,0,3,0,0
0,0.8955403170883312,12,0,2,0,0
0,1.3166639777310067,21,0,0,0,0
1,6.737210148370166,11,0,4,3,1
0,0.6097143607585314,10,0,0,0,0
0,0.4721163984984915,19,0,0,0,0
0,0.9489219825772645,17,0,1,0,0
1,3.488900497806155,4,1,3,0,1
0,1.2565723020666852,17,0,0,0,0
0,1.2632787626184339,5,1,1,0,0
0,1.4224592662774476,14,0,1,0,0
0,0.9780731568237182,14,0,1,0,0
0,1.2350276156976439,18,0,1,0,0
1,0.7491084063962464,9,0,0,0,0
1,0.308021731219776,9,0,1,0,0
1,3.521968668083538,4,1,2,0,1
0,0.30606413440535396,10,0,1,0,0
0,5.334253321357377,20,0,1,2,1
0,2.0191788372948034,22,0,1,0,0
1,1.6851788470600324,9,0,0,0,0
0,4.111416765069393,8,0,1,0,1
0,0.8903553155591273,12,0,0,0,0
0,0.9721796032368987,7,0,1,0,0
0,0.7480288369839534,19,0,2,0,0
0,0.9529518447435906,6,0,1,0,0
0,0.4813650032911937,10,0,0,0,0
1,1.205558368083096,5,1,3,0,1
0,1.7723328433888628,2,1,0,0,0
0,0.6515956830166821,9,0,2,0,0
0,0.7960375458820522,13,0,1,0,0
1,6.914249283676203,6,0,5,2,1
0,1.0538830908562562,12,0,1,0,0
1,0.8547286512517662,19,0,1,0,0
0,2.6903973463174884,3,1,1,0,1
1,2.307556522288643,0,1,2,0,1
0,2.4311391257954704,19,0,0,0,0
0,2.397156490485906,0,1,3,0,1
1,1.0572725548668063,0,1,1,0,0
0,1.2826926062961064,8,0,2,0,0
0,0.8504545087843945,15,0,4,0,1
0,0.2657732509825735,23,1,0,0,0
0,1.208530069688074,14,0,1,0,0
1,4.63892429181674,4,1,3,0,1
1,7.680846627113593,23,1,2,1,1
0,0.5869009034740587,11,0,0,0,0
1,4.205233061304081,10,0,5,5,1
0,0.7142762341753974,11,0,0,0,0
0,0.6865898872339804,8,0,3,0,0
0,0.9483886427849968,21,0,2,0,0
1,4.1507567003754335,0,1,2,1,0
1,0.6016020221507282,15,0,1,0,0
1,0.9719243851466233,12,0,0,0,0
1,2.9664279331621564,22,0,3,1,1
0,1.0436098271274357,20,0,1,0,0
0,1.1387189795182309,23,1,0,0,0
1,1.2157516324405213,9,0,1,0,0
0,2.0035267498522455,9,0,3,0,1
1,1.6383301251873477,8,0,2,3,1
1,2.6791639787354065,3,1,4,5,1
1,1.9129601904674478,12,0,0,0,0
0,2.6070581456548205,19,0,1,0,0
0,2.0437083725489398,22,0,2,0,0
0,1.1609232782817258,8,0,1,0,0
0,0.9220629721950296,15,0,3,0,1
0,0.703127006643229,9,0,2,0,0
1,1.8274596086801105,10,0,2,0,1
0,0.37638764596190233,14,0,0,0,0
1,1.8303571126823674,9,0,1,0,1
1,11.255147881307888,7,0,3,3,1
1,3.541285237370254,1,1,2,1,1
1,4.580735163393024,13,0,2,0,1
1,0.846935212217968,12,0,2,0,0
0,0.8387113409510802,15,0,2,0,0
1,4.153660874119003,5,1,4,0,1
0,0.9329012674972673,12,0,1,0,0
0,7.258926049803985,0,1,3,0,1
1,1.6644906155344457,18,0,1,0,0
0,2.0401820847561476,21,0,0,0,0
0,0.5746349707684213,17,0,0,0,0
0,0.9147120058138015,23,1,2,0,0
0,3.335629344448839,14,0,6,1,1
1,2.616000531737755,1,1,1,2,1
0,1.2654493129359194,7,0,2,0,0
1,1.0500124237557018,23,1,3,0,0
0,0.7203432328147691,18,0,2,0,0
0,3.8631397194390655,8,0,2,0,1
0,0.9402681787362734,11,0,1,0,0
1,0.6486152599618382,12,0,1,0,0
0,0.7044088733126813,20,0,1,0,1
1,6.35915404270685,0,1,1,1,1
1,3.464975976783507,23,1,2,0,1
1,2.7720209311226993,0,1,2,0,1
0,0.823562245054242,21,0,2,0,0
0,1.0514133950437277,11,0,1,0,0
0,1.729078699826541,21,0,2,0,0
1,4.076961781985427,0,1,1,0,1
0,0.5601499332800444,8,0,0,0,0
0,2.1092919103161467,9,0,0,0,0
0,1.285239638206008,15,0,1,0,0
0,0.8618606491127615,16,0,1,0,0
0,4.858742198367536,3,1,1,1,1
0,1.0073779969220948,16,0,0,0,0
0,1.4364019468380151,15,0,2,0,0
0,0.6615863725635422,9,0,2,0,0
1,2.2019984104121644,7,0,1,3,1
0,4.531255349093068,16,0,1,2,1
0,1.8820767523672595,0,1,1,4,1
1,8.160629634177557,9,0,2,4,1
0,6.4802483628933025,8,0,1,1,1
1,3.652232532306447,5,1,4,0,1
1,9.474190835776353,0,1,0,0,1
0,1.4248176150037521,7,0,1,0,1
0,1.5402026625862122,23,1,1,0,0
0,1.3650902223055121,17,0,0,0,0
1,7.926815881764244,7,0,4,1,1
0,2.423951017894774,9,0,0,0,0
0,5.869467469471337,5,1,3,5,1
1,0.61567976093622,19,0,0,0,0
0,1.0806072246182175,11,0,1,0,0
1,1.7146655348792417,23,1,1,0,0
1,2.0357983970825817,2,1,3,4,1
0,0.9035200367369763,15,0,1,0,0
0,2.8264104711352744,2,1,0,0,0
1,0.5518714850228014,6,0,1,0,0
1,2.7331886734747792,15,0,1,4,1
1,5.615170683177208,11,0,2,2,1
1,1.0620771983937876,0,1,3,0,1
1,13.386001300315785,13,0,5,2,1
1,2.423404109542824,22,0,1,0,1
0,0.9544925910704,19,0,2,0,0
0,0.3557571604697926,17,0,1,0,0
0,6.390555681345131,0,1,6,0,1
1,8.632526937512193,4,1,1,0,1
0,1.4291171475465654,16,0,1,0,0
1,4.356770710395603,8,0,0,4,1
0,0.7816999943521968,7,0,1,0,0
1,8.522142713220463,9,0,2,0,1
0,0.7468058478926227,12,0,1,0,0
0,2.25106476143421,0,1,2,2,1
1,1.3038833044041929,19,0,0,0,0
0,0.5896811972576347,5,1,0,0,0
0,1.9857736503944148,16,0,1,0,0
1,0.5532257684648745,11,0,1,0,0
1,5.645482056856544,0,1,1,1,1
0,1.201133511205893,17,0,0,0,0
0,0.5463143958720786,16,0,0,0,0
1,8.403398345036441,6,0,1,3,1
0,1.0168544879900365,17,0,2,0,0
0,3.345857725552419,8,0,0,0,0
0,1.1828427228810616,15,0,3,0,0
0,4.460088700354729,2,1,3,3,1
0,0.905382114187703,12,0,2,0,0
0,5.739047540510889,1,1,2,0,1
0,2.2947110278323377,12,0,4,0,0
0,1.5063213103199955,12,0,1,0,0
0,1.3749991895306481,17,0,0,0,0
0,0.8124680975606602,15,0,1,0,0
1,6.014775064792718,0,1,0,1,1
0,8.333914520181656,0,1,0,1,1
0,1.7169145867142555,15,0,0,0,0
0,0.8996285693717396,19,0,0,0,0
0,0.40657667997559915,9,0,1,0,0
1,0.9667068197277393,8,0,1,0,1
0,1.3208554092807534,11,0,0,0,0
0,0.7068892573444432,18,0,2,0,0
1,2.8283743006050437,10,0,3,0,1
0,0.44582482656662825,13,0,3,0,0
1,1.5860202111698187,18,0,0,0,0
0,3.864699429492538,3,1,5,0,1
0,3.7686267434282676,0,1,3,2,1
0,0.8075282494447319,11,0,1,0,0
0,2.744063618950165,2,1,4,4,1
0,0.5852800670922805,17,0,3,0,0
0,2.218521903137313,23,1,0,0,0
0,17.35417264165692,8,0,1,2,1
0,1.7567985134096207,6,0,1,0,0
0,1.659240403814201,23,1,1,0,0
0,1.2815372758176333,22,0,1,0,0
0,0.5313437254914452,16,0,1,0,0
0,1.0397864575172981,9,0,1,0,0
0,2.175875071853555,0,1,1,0,0
1,0.4218136637266637,11,0,0,0,0
1,0.662280987508555,9,0,2,0,0
0,1.007017116322059,14,0,0,0,0
0,1.219591298203371,13,0,0,0,1
1,1.6431755464699578,0,1,3,0,1
0,0.5177387094895867,12,0,0,0,0
0,0.6989771105107436,10,0,0,0,0
1,4.213050063750909,3,1,3,0,1
0,4.604858645558737,0,1,2,2,1
0,2.087227541818997,8,0,0,0,0
0,2.67263194931454,21,0,2,0,0
0,1.338000457566006,16,0,0,0,0
1,0.4420808176935077,21,0,0,0,0
0,2.9646031197956804,20,0,1,0,0
1,1.1192561755971764,20,0,0,0,0
0,0.7669474745010553,12,0,1,0,0
1,3.151619323434794,10,0,3,1,1
0,0.606116007829761,10,0,0,0,0
1,1.3798425474906912,22,0,0,0,1
1,0.48173425604180514,14,0,1,0,0
0,2.425528628373527,9,0,2,0,0
1,0.5406962262575286,18,0,2,0,0
0,0.594548361874803,18,0,1,0,0
0,1.178061176793265,14,0,2,0,0
0,0.3672321219320741,23,1,2,0,0
1,3.2482033619090176,6,0,3,0,1
1,2.483904869576379,9,0,3,1,1
1,1.889413695630839,12,0,1,0,0
1,1.0016535827044835,13,0,0,0,0
0,0.8296411887381759,20,0,2,0,0
0,0.5955374597669373,13,0,2,0,0
1,8.506745178654347,12,0,1,2,1
0,0.422032380380833,17,0,3,0,0
0,0.8019380339452372,12,0,1,0,0
0,1.3976711400375987,5,1,0,0,0
0,1.2111671861623863,10,0,0,0,0
0,0.692308468042614,11,0,3,0,0
1,7.683220844373077,0,1,2,0,1
0,0.3777880212029063,12,0,0,0,0
0,0.510607767516617,15,0,1,0,0
0,0.7841953918774098,7,0,0,0,0
0,0.7609006350836587,7,0,1,0,0
0,0.9900985102970324,11,0,0,0,0
0,0.7268825469595745,12,0,1,0,0
0,1.4376695961275523,18,0,1,0,0
0,1.2238404957107207,14,0,2,0,0
0,1.0064016428111857,10,0,0,0,0
1,2.4903904586939385,8,0,2,0,0
1,3.7275057443654434,8,0,2,2,1
0,2.326314031997465,6,0,2,4,1
0,0.9192000253311718,1,1,3,0,0
1,0.3857744799555746,7,0,0,0,0
1,0.5948044385221829,12,0,2,0,0
0,1.5155425217706668,15,0,0,0,0
0,0.5070570802394387,10,0,4,0,0
0,1.8831893707869352,13,0,2,0,0
0,1.0656881326886172,20,0,0,0,0
1,2.123064937772392,9,0,3,3,1
1,14.553069580631334,4,1,2,1,1
0,5.6524460744332226,1,1,2,4,1
1,0.9524998258944704,14,0,1,0,0
1,0.5893057102418239,17,0,1,0,0
1,2.0004466135852406,18,0,4,1,1
0,0.5286302363433572,14,0,0,0,0
0,1.4822218633730697,16,0,0,0,0
1,7.670263178744472,0,1,4,2,1
0,0.6464369862784769,7,0,1,0,0
0,1.2020218551240465,23,1,2,0,0
1,4.787126173702668,17,0,2,3,1
1,0.996449442537288,15,0,1,0,0
1,0.8977372827449516,6,0,1,0,0
0,0.8209960727013778,1,1,3,0,1
0,1.3689293272879661,12,0,1,0,0
0,2.468166481989016,4,1,0,0,1
0,0.7306734611506583,12,0,6,0,0
1,8.890755961254406,0,1,0,1,1
0,0.5161482944200566,10,0,1,0,0
0,1.3351951466459755,22,0,0,0,0
1,9.365935976345503,8,0,3,3,1
0,0.4080427157672961,11,0,1,0,0
0,4.763950575924624,17,0,1,4,1
1,0.7113895048531906,8,0,2,0,0
1,5.22015250759402,1,1,2,2,1
0,1.0461098861794151,9,0,4,0,1
0,0.5229673924266903,18,0,0,0,0
0,1.7525855012163503,4,1,1,0,1
0,0.9443791937860146,16,0,2,0,0
1,2.324936381334615,1,1,1,0,1
0,1.2104942983590266,15,0,0,0,0
0,0.9973809743925024,12,0,2,0,1
1,11.136741165149596,11,0,6,0,1
1,2.425848358039487,5,1,5,3,0
0,0.7877815626693218,9,0,2,0,0
0,0.9759818953117119,11,0,1,0,0
1,4.232964684038811,4,1,3,0,1
1,1.177867438130363,18,0,1,0,0
0,1.8481966985046503,7,0,0,0,0
1,1.1330805944225106,10,0,3,0,0
0,0.5533613221199348,20,0,2,0,0
1,0.30766500639527933,13,0,2,0,0
0,0.5508785214404414,17,0,0,0,0
1,4.00299277668898,3,1,3,0,0
0,1.6420528056316193,12,0,2,0,0
0,1.744556036644886,14,0,1,0,1
0,0.7514695349508683,8,0,1,0,1
0,0.8453795232476441,22,0,2,0,0
0,0.8638677001960834,17,0,2,0,0
1,0.6408176275906878,12,0,0,0,0
1,0.6998643211922502,8,0,1,0,0
1,6.353934923180663,15,0,2,5,1
1,4.027363085560215,0,1,4,0,1
0,0.7433574545397927,10,0,1,0,0
0,0.7651606574743717,18,0,1,0,0
0,1.2173883927703426,4,1,3,0,0
1,2.9764386774085474,0,1,4,3,1
1,2.584264652410996,5,1,3,0,0
0,1.1934066109646222,12,0,1,0,0
0,0.9334613498021556,9,0,2,0,0
1,7.957194573869817,14,0,2,1,1
1,4.641953457574565,10,0,3,4,1
1,1.546413251701056,0,1,2,2,1
1,4.728345736555601,16,0,1,3,1
0,1.0678688877876157,17,0,1,0,1
0,1.629794009146809,8,0,3,0,0
1,0.5810943084742577,10,0,1,0,0
1,3.2466557202837834,4,1,0,1,1
0,1.5109855697374235,18,0,3,0,0
0,0.8925170103253123,14,0,1,0,0
0,0.6611500200184056,9,0,1,0,0
0,1.3359853843681897,7,0,0,0,0
0,0.9215775942774813,23,1,0,0,0
0,1.1989005003082396,4,1,0,0,0
0,1.3988891921037212,21,0,1,0,0
1,4.699369086127054,3,1,3,0,1
0,0.49996302832939615,8,0,4,0,0
1,0.8241124620414437,23,1,0,0,0
1,1.7948865332851482,21,0,0,0,0
1,4.523409531348151,8,0,2,0,1
0,0.8951618463058914,13,0,1,0,0
1,1.4750288241079272,7,0,3,0,0
1,7.159866798180109,1,1,3,0,1
1,2.295981406415424,18,0,2,0,1
0,5.67164327475591,8,0,3,4,1
0,0.6318414849780735,23,1,0,0,0
0,1.1247765761957627,21,0,1,0,0
0,0.5398167655542656,1,1,0,0,0
0,0.5044966293569805,16,0,0,0,0
1,0.47167242761459627,12,0,1,0,0
1,0.8843871260312571,9,0,1,0,0
0,1.015028705691524,21,0,0,0,0
1,4.2011501487188365,4,1,5,0,1
1,3.7073856751542906,9,0,2,0,1
0,1.0000421974359939,16,0,1,0,0
0,1.6479870528196794,15,0,2,0,0
0,1.0567771673922088,16,0,1,0,0
1,1.2977577469441393,21,0,0,0,0
1,2.5857404201879377,2,1,0,0,1
1,1.7626957721579506,0,1,2,0,1
0,0.580566423427736,6,0,0,0,0
0,0.6910160219215028,17,0,4,0,0
1,1.382616301138531,23,1,1,0,0
0,1.2325140767239677,8,0,1,0,0
0,0.9731918597082246,21,0,1,0,0
1,1.7877059047701018,18,0,0,0,0
0,1.549014144504572,17,0,0,0,0
0,1.121582750410988,16,0,2,0,0
0,1.9007349396256397,23,1,1,0,1
0,0.6415841401071599,17,0,3,0,0
0,0.8328080274917044,15,0,2,0,0
0,0.7193911259915291,18,0,0,0,0
1,0.6952406834790891,13,0,1,0,0
1,25.857905935748256,2,1,3,0,1
0,0.7837165331916851,17,0,1,0,0
1,0.6487707201528142,11,0,0,0,0
0,1.391305634981903,11,0,1,0,0
0,0.8578870679067079,23,1,1,0,0
1,3.4339155718543473,1,1,3,0,1
1,0.6058106061399122,15,0,2,0,0
1,7.6631891096170595,0,1,2,2,1
0,1.6756421178489356,17,0,1,0,0
0,0.7060115620916485,1,1,1,0,0
0,0.6560751537721247,21,0,3,0,0
0,0.86482750903341,21,0,2,0,0
1,0.6764511019826634,13,0,1,0,0
0,1.832854254323935,3,1,0,0,0
0,2.815254408302782,1,1,3,0,1
0,4.589914032570456,18,0,1,3,1
0,0.8138983856513585,21,0,0,0,1
0,0.5700277363454826,9,0,0,0,0
0,1.188790238595378,15,0,3,0,0
0,1.9634637020062018,4,1,1,0,0
1,2.4928314632769677,12,0,2,2,1
0,1.1513992405799953,15,0,2,0,0
1,0.7296547343455935,11,0,1,0,0
0,1.0483900970875297,16,0,3,0,0
0,0.705165961185555,13,0,1,0,0
0,1.5008747523159547,14,0,1,0,0
1,1.2158765729962546,14,0,3,0,0
0,1.2882588488507902,11,0,1,0,0
1,2.4807582970372475,5,1,4,3,1
0,1.2476637619122084,19,0,0,0,0
0,0.5128046761026754,16,0,1,0,0
0,1.0769927098618148,17,0,1,0,0
1,1.2228175896689069,11,0,3,0,0
0,0.8341804983010517,9,0,2,0,0
0,1.8184638190219948,5,1,0,0,0
0,3.632835289145734,0,1,0,3,1
0,0.9888504678044905,12,0,1,0,1
0,5.40829519786981,0,1,5,3,1
0,0.8504450155751649,8,0,2,0,0
0,1.111887027324802,11,0,2,0,0
0,0.778560113975472,16,0,1,0,0
0,0.5998692147226478,23,1,0,0,0
0,1.2454495877251528,16,0,2,0,0
0,0.9305180266324684,5,1,0,0,0
0,0.8446762380028819,15,0,0,0,0
0,2.9381995805551178,17,0,4,4,1
0,0.8789305132322085,14,0,0,0,0
1,4.848711528043577,4,1,0,2,1
1,2.5131313632766097,10,0,1,1,1
0,0.6561235718148363,20,0,1,0,0
0,1.8524889947438186,10,0,1,0,0
1,1.9730760814906907,15,0,1,0,0
1,3.9486585257805307,23,1,1,1,1
1,6.682711862775458,0,1,0,3,1
0,15.389826867985992,0,1,2,3,1
1,0.8536937879765076,0,1,1,0,0
0,0.6923721832502379,23,1,1,0,0
1,2.3830367719297834,0,1,2,0,1
0,0.21113785184320238,17,0,1,0,0
0,1.1537351279600667,12,0,1,0,0
1,3.9567303300529977,8,0,2,0,1
1,2.117608365058985,17,0,2,0,0
1,3.1634893045835843,8,0,3,2,0
1,0.9084742392696913,11,0,2,4,1
0,5.449933193429606,3,1,3,0,1
0,1.6082835308494885,2,1,2,0,0
1,1.1265886663936784,9,0,0,0,0
1,1.430647996089859,5,1,5,0,1
1,5.298621377190219,2,1,0,0,1
1,5.201831053441372,0,1,0,2,0
1,0.9199942426010284,20,0,2,0,0
0,0.8893444154201114,20,0,2,0,0
1,3.8290006258838547,2,1,2,0,1
0,7.558603680869023,0,1,2,0,1
0,0.8401354286714824,13,0,1,0,0
1,2.9931946482052685,0,1,1,2,1
1,4.219341366333981,16,0,4,1,1
0,0.49963533290169476,14,0,2,0,0
1,2.4277077027931093,6,0,1,0,1
0,1.171194227283306,17,0,0,0,0
0,0.7073121078775961,17,0,0,0,0
0,1.3497418983039007,13,0,0,0,0
1,0.5582301980078003,10,0,1,0,0
1,7.142777388535922,0,1,0,5,1
0,1.039800748826518,1,1,3,0,0
1,3.05735153164857,4,1,3,2,1
0,0.6760474942376111,8,0,2,0,0
1,5.226003625982014,2,1,3,2,1
0,1.1162827062206728,14,0,1,0,0
0,0.5195765388417445,15,0,1,0,0
1,1.9203457432224114,12,0,0,0,0
0,2.834311702674672,0,1,1,0,0
1,0.5115573268038961,17,0,1,0,0
0,0.5786925892734122,14,0,6,0,0
0,0.7155359846318607,23,1,3,0,0
1,0.6462742122126282,12,0,2,0,0
1,4.265498569339462,1,1,1,5,1
0,1.790519128331915,17,0,0,0,0
1,1.8223527581713395,21,0,1,0,0
1,4.3225736063304065,15,0,4,2,1
0,0.5176347256834807,16,0,0,0,0
0,0.5594133243658144,11,0,1,0,0
0,1.5032163239036522,17,0,1,0,0
1,5.470500604935611,9,0,6,0,1
0,0.9165979284905887,11,0,1,0,0
1,14.496784633086044,0,1,2,1,1
0,0.8887161152254371,21,0,1,0,0
1,6.855381638557785,5,1,3,2,1
0,1.2047342442582114,7,0,3,0,0
1,0.8747165276411517,10,0,0,0,0
1,0.6787528623147198,12,0,2,0,0
0,2.3099268126531296,6,0,0,0,0
1,0.5128092066501012,9,0,0,0,0
1,3.648133969562633,18,0,2,4,1
1,0.793032311392817,14,0,0,0,0
1,14.992517576354478,23,1,3,2,1
1,0.9150376793830534,12,0,1,0,0
0,1.3994190098845685,15,0,0,0,0
1,1.305695378972804,17,0,2,0,0
0,0.729758767356793,6,0,0,0,0
1,0.492380022811717,21,0,1,0,0
0,2.277502332699243,14,0,2,0,0
0,1.727177634265717,4,1,2,4,1
0,4.741059124618768,21,0,3,4,1
1,0.6739317414842474,16,0,0,0,1
0,2.821944555287497,23,1,0,4,1
0,0.8486045162251344,11,0,2,0,0
1,1.0382179265070737,19,0,0,0,0
0,1.7399191902134283,11,0,4,0,0
1,2.934823013004021,0,1,4,0,1
0,0.7507617468032103,2,1,0,0,0
0,1.7022072076517085,17,0,1,0,0
1,5.5062325535994585,15,0,2,0,1
0,1.3165135315296392,18,0,0,0,0
0,0.5631355099432376,12,0,2,0,0
1,5.959940019192508,0,1,4,0,1
1,2.998125000961665,0,1,2,1,1
0,0.9192240833611304,13,0,0,0,0
0,2.2165231463827726,15,0,1,0,0
0,0.5515015956084277,11,0,0,0,0
0,0.9928851252224603,6,0,1,0,0
0,1.2587894631327892,9,0,1,0,0
0,0.6782471523333626,9,0,2,0,0
1,1.1418709286832822,23,1,1,0,0
0,1.7207523954524067,23,1,0,0,0
0,0.8515719665934911,9,0,1,0,0
0,1.0270317986749151,15,0,3,0,0
0,0.8199471436298775,23,1,0,0,0
0,1.6569487000140704,13,0,2,0,0
1,1.2550892090417627,23,1,0,0,0
1,1.1729798801029017,15,0,1,0,0
0,1.5438680202972637,10,0,1,0,0
0,1.211072796190959,17,0,2,0,0
0,1.33054287167574,13,0,1,0,0
0,0.6698534113132986,23,1,2,0,0
1,0.7714968758466493,6,0,0,0,0
0,1.1163441260344669,12,0,2,0,0
0,3.6753154811808013,0,1,0,1,1
0,0.7636629586053717,10,0,0,0,0
0,2.954778610515161,18,0,2,0,0
1,0.9028095817723844,18,0,2,2,0
0,0.911418411429765,14,0,0,0,0
0,2.98342807841603,22,0,1,1,1
0,0.7899816902006372,11,0,0,0,0
1,4.1494025469807845,12,0,1,0,1
1,1.1231519969603907,5,1,0,0,1
0,1.6298403662623273,10,0,2,0,0
0,1.0283803889895546,5,1,0,0,0
0,1.8239083808199161,22,0,1,0,0
1,0.6939493959720805,14,0,0,0,0
0,3.021040435520535,6,0,0,0,0
1,2.7900360835524363,23,1,3,5,1
1,2.907061532479665,0,1,0,0,1
0,0.4680488661008167,23,1,1,0,0
1,3.6219473117847563,6,0,1,0,0
0,1.1432208665867938,14,0,1,0,0
1,0.6731715014800728,8,0,1,0,1
0,0.9496832080305354,22,0,0,0,0
0,1.974767744543671,10,0,2,0,0
1,6.159786079707615,15,0,1,3,1
1,0.7365412533565071,23,1,2,0,0
0,0.7898691210370311,0,1,1,0,0
0,3.328609781077169,16,0,3,0,0
0,2.6736225722235356,20,0,2,0,0
1,2.0471021979235497,0,1,2,0,0
1,1.2921370773021534,19,0,5,0,0
1,3.93185537941422,4,1,1,0,1
1,1.0496573770240076,15,0,1,5,1
0,0.7567599317194016,0,1,2,0,0
0,3.1417143504827485,20,0,1,0,0
0,0.7372266071436373,17,0,0,0,0
1,13.805685496783745,5,1,1,2,1
1,0.656313500952516,22,0,0,0,0
1,1.4557672694819916,17,0,5,3,1
0,0.21787881120427074,0,1,1,0,0
0,0.8968886796151936,19,0,0,0,0
1,20.162568836540977,0,1,4,4,1
1,3.8745405766667607,8,0,2,1,1
0,5.387959534808265,0,1,2,3,1
0,0.8852590424522099,13,0,0,0,0
1,0.6388763148098107,22,0,0,0,0
1,7.135563338161717,5,1,2,0,1
0,0.7168830608070687,4,1,3,0,0
1,4.996189873421943,18,0,6,0,0
0,0.7524798420429829,16,0,0,0,0
0,1.6653523259349958,16,0,2,0,0
1,5.283691009386317,0,1,3,3,1
1,6.560787623175606,19,0,2,2,1
1,1.4409870107241227,11,0,0,0,0
0,0.684208603487365,11,0,1,0,0
0,0.4137016746044558,15,0,2,0,0
0,1.3338871446098808,19,0,2,0,0
1,2.2992153773460626,3,1,2,2,1
0,0.814302414777206,20,0,1,0,0
0,1.9664407613706718,20,0,2,0,0
1,1.4096954343924044,23,1,0,0,0
1,0.7554988027037913,21,0,1,0,0
1,13.81072133003721,6,0,1,1,1
0,2.5829886402043414,10,0,0,0,0
0,2.2920545157609746,10,0,0,0,0
1,2.715343778610113,4,1,3,4,1
0,1.8703512056359337,7,0,2,0,0
0,2.7486160445160457,9,0,0,0,0
0,1.0212215855233433,13,0,0,0,0
0,3.7750164704893248,14,0,3,0,0
0,1.6131978024718743,0,1,3,0,1
1,4.620517475919316,15,0,0,5,1
0,0.36759522721597754,23,1,0,0,0
1,1.1507652712989949,16,0,3,0,0
1,4.4537923219994795,22,0,3,3,1
0,0.678544823242342,12,0,1,0,0
0,1.1991997266161014,11,0,3,0,1
1,0.6396218292010161,10,0,3,0,0
0,1.7876725283506456,10,0,0,0,0
1,0.6253433812027891,10,0,2,0,0
0,0.7708247708377768,6,0,3,0,0
0,1.274204109245052,23,1,0,0,0
0,0.6191292024237867,8,0,3,0,0
1,7.706358606060119,0,1,4,0,1
0,0.4473547590927733,18,0,1,0,0
1,1.2292033858653202,17,0,3,0,0
0,0.782762378882922,14,0,1,0,0
0,0.7028387758175269,14,0,0,0,0
0,0.515966873924746,12,0,1,0,0
1,1.2820569212193662,16,0,1,0,0
1,0.570418934027278,17,0,1,0,0
0,0.8892296996291595,23,1,1,0,0
0,1.149965630992602,11,0,2,0,0
0,5.191557625427163,10,0,1,0,1
0,0.4706609573175771,11,0,0,0,0
1,3.6181218899872207,0,1,5,1,1
0,0.9277093636461738,21,0,2,0,0
1,0.6395424804183573,14,0,0,0,0
0,0.9153287939426635,17,0,1,0,1
1,2.024783391590563,1,1,9,0,1
0,1.1821131545897605,21,0,1,0,1
0,1.3989775441291847,23,1,1,0,0
0,4.390023755994841,4,1,3,0,1
1,0.435833083691409,14,0,3,0,0
0,0.6726856721036267,10,0,1,0,0
1,2.605915145296681,4,1,1,0,1
1,4.424406526734947,0,1,2,0,1
1,1.2000516153329048,7,0,2,0,0
0,0.9089398292539071,17,0,1,0,0
1,13.978162607173351,1,1,2,2,1
0,1.7792083398203207,11,0,3,0,0
0,1.435957834984767,21,0,2,0,0
1,2.4998338397483777,3,1,6,2,1
1,1.231768103285938,12,0,1,0,0
1,2.3269240873205934,5,1,2,0,1
0,1.3958768355880091,20,0,0,0,0
0,4.25472412093512,13,0,2,4,1
0,1.3093241935618187,4,1,0,0,1
1,0.7074820093177631,15,0,2,0,0
1,19.882613566205602,4,1,1,0,1
0,1.3722187526531304,19,0,0,0,0
0,0.5442861961018693,7,0,0,0,0
0,1.269392951771111,17,0,1,0,0
1,0.20868707288776317,19,0,1,0,1
1,1.4380163620740947,0,1,0,0,1
1,1.3601954239206786,11,0,3,0,0
0,0.41888461339940464,13,0,3,0,0
0,0.6602657062034857,20,0,1,0,0
1,2.6660740385342794,0,1,2,5,1
1,3.653266755735957,14,0,3,0,1
0,0.9178903656051278,0,1,2,0,0
0,0.4378834008696712,10,0,2,0,0
1,1.9773261481657647,16,0,3,4,1
0,0.6755569921399983,17,0,2,0,0
1,2.1590474297354576,0,1,6,3,1
1,0.9119748111645766,5,1,4,0,0
0,0.9541390024637187,16,0,0,0,0
0,0.7732178006119003,12,0,4,0,0
0,0.5814063835973002,5,1,0,0,0
1,0.5786419069841444,16,0,1,0,0
0,0.8898822124396752,11,0,1,0,1
1,8.59734338488864,10,0,4,2,1
0,0.5274251085853742,21,0,0,0,0
0,2.196087682738849,13,0,1,0,0
0,0.8551134378799143,0,1,3,0,0
0,1.9776814277448231,15,0,2,0,0
1,0.6681304918056942,5,1,1,0,0
1,1.1419211037566348,10,0,2,0,0
0,3.67548055875812,20,0,0,0,0
1,4.787706398654762,0,1,2,3,1
1,3.947373068256964,13,0,3,4,1
0,1.2674675235677584,4,1,0,0,0
1,1.1691091208874622,14,0,3,0,1
0,1.2750973570093147,0,1,1,0,0
0,0.6423644389072123,13,0,1,0,0
0,2.53087141557998,17,0,0,0,0
0,0.7789779951350169,19,0,3,0,0
1,1.4515086862855664,12,0,3,0,0
1,1.3110924567021658,0,1,5,1,1
0,0.34285704904570624,17,0,1,0,0
0,1.5841448852432845,6,0,1,0,0
1,0.8951194687317756,16,0,1,0,0
1,3.4424550858069987,9,0,2,0,1
0,1.379472971258417,13,0,0,0,0
1,6.14613944192767,0,1,0,0,1
0,0.8850436476142599,7,0,1,0,0
0,0.8296747825952141,14,0,0,0,0
1,6.863141187199201,12,0,1,5,1
0,1.0668440118722275,0,1,3,0,0
1,2.4111434326402623,2,1,5,0,1
0,1.4414004863744476,14,0,3,0,0
0,1.1489546491521703,16,0,2,0,0
1,2.014947494052478,12,0,2,0,0
0,1.3953805836291524,15,0,0,0,0
1,1.7548949773350924,16,0,1,0,0
0,1.0994612086734297,17,0,1,0,0
1,8.059553846563047,4,1,5,2,1
0,0.5921945244728934,23,1,1,0,0
0,1.3452364075074195,10,0,1,0,0
0,6.192103373924192,15,0,1,0,1
1,3.8093683027466394,18,0,5,0,1
1,4.703758114191427,23,1,2,0,1
1,2.4907625652595993,21,0,1,4,1
1,1.470560734642493,13,0,3,4,1
0,2.2042192276176977,23,1,0,0,0
1,5.442490650611803,1,1,1,0,1
0,1.176638678657891,16,0,0,0,0
0,1.9749992032818036,2,1,3,0,1
0,0.5520188757674449,11,0,1,0,0
0,1.689683136370676,6,0,1,0,0
0,1.3221702028660407,8,0,1,0,0
1,0.6590707792320608,19,0,0,0,0
0,1.683213062191365,15,0,1,0,0
0,0.7687282866476017,14,0,0,0,0
1,2.3610323377264586,0,1,3,0,1
1,2.3345611101434254,0,1,2,1,1
1,14.05941415840288,18,0,3,2,1
0,1.3914362074731574,15,0,2,0,0
0,1.247161422866025,12,0,1,0,0
0,2.250979411082319,19,0,0,0,0
1,0.981991072476504,13,0,3,0,0
0,2.4413810932109246,17,0,2,0,0
1,1.0229058834121476,10,0,1,0,1
0,0.8193330283254299,7,0,1,0,0
1,1.715808815003036,3,1,6,1,1
0,0.8850656467993119,21,0,0,0,0
0,1.434924991999305,16,0,2,0,0
0,2.5199312836929546,20,0,1,0,0
0,0.4363031459619344,9,0,3,0,0
0,0.4051832880855964,17,0,2,0,0
0,0.5465602316487989,16,0,1,0,0
0,1.2767710355079884,15,0,2,0,0
0,0.5411818388635519,23,1,1,0,0
0,0.6435124909117009,15,0,1,0,0
1,0.836442885324144,14,0,2,0,0
1,2.5571111147833356,3,1,4,0,1
1,3.4071389832772905,0,1,4,4,0
0,1.9544859163635864,9,0,0,0,0
0,1.3376029268889347,22,0,1,0,0
0,1.4220438568350147,13,0,2,0,0
0,1.3842029723838258,8,0,1,0,0
0,1.1322389369175185,6,0,2,0,0
0,0.3858490884836023,22,0,3,0,0
0,1.2479729401349042,15,0,1,0,0
1,0.9175440257608077,8,0,0,0,0
0,1.0406404798772844,17,0,1,0,0
0,7.964027359262551,9,0,6,1,1
1,0.6010282252132485,20,0,0,0,0
1,7.7616855938349625,7,0,5,1,1
0,0.6488979951054027,15,0,3,0,0
1,4.077767298642504,3,1,3,2,1
0,0.6340983105953819,23,1,2,0,0
0,0.7740801001503372,17,0,2,0,0
0,1.3744794531652533,7,0,1,0,0
1,0.4832861303935584,11,0,1,0,0
0,0.8568339104592424,15,0,0,0,0
0,0.8733256107948922,14,0,0,0,0
0,4.459476902080315,1,1,3,0,1
1,1.5310735656318741,23,1,0,0,0
1,1.743696524333484,10,0,1,0,1
0,2.5673286541046085,5,1,0,4,1
1,4.549609947820737,7,0,4,2,1
1,6.570590492390679,6,0,1,5,1
0,1.0313331822867595,13,0,2,0,0
0,1.1775380656521497,20,0,1,0,0
0,1.1809994294599349,12,0,0,0,0
0,0.41113443291549134,5,1,2,0,0
0,6.870035645684287,3,1,2,4,1
1,1.0892279968806975,12,0,0,0,0
0,0.9109793600830159,10,0,2,0,0
1,1.4041846043442368,19,0,0,0,0
0,2.1462586703528577,13,0,2,0,1
0,0.5361201648123737,11,0,0,0,0
0,0.7184145950482419,19,0,0,0,0
1,4.877698103451214,4,1,1,0,1
0,0.500612341474799,4,1,1,0,0
0,0.734520460795492,9,0,4,0,0
0,0.5892955738296024,20,0,0,0,1
1,10.932770007984477,6,0,0,0,1
0,0.4580847302391478,3,1,0,0,0
0,3.977953912910884,0,1,4,0,1
1,4.755054163982444,6,0,3,0,1
0,2.080171171957577,11,0,2,0,0
0,0.765857036685205,9,0,1,0,0
1,0.9379064501628145,19,0,1,0,0
1,4.526674914322748,5,1,6,0,1
0,4.1235496405519525,18,0,2,2,1
1,1.1459985024003694,18,0,2,0,0
0,1.8481722618595702,19,0,0,0,0
0,1.0785635510836225,18,0,1,0,0
0,0.6452903153627568,19,0,2,0,0
0,1.77477066430359,1,1,2,0,0
0,0.7588107860500864,10,0,1,0,0
1,2.166725297123107,13,0,3,0,0
0,1.3422558103269715,12,0,3,0,0
0,1.186727832341476,23,1,4,0,0
1,0.6707635640889702,18,0,1,0,0
1,10.043097621928329,13,0,1,0,1
0,1.5434712668771464,13,0,0,0,1
1,6.0962722228903745,0,1,2,1,1
1,1.6758427454597327,0,1,0,4,1
0,0.7721187415137776,16,0,0,0,0
0,2.517383139972491,8,0,0,0,0
1,2.5116190017673214,9,0,3,0,1
0,1.1272621560519072,11,0,1,0,0
0,2.9170630424830764,0,1,2,3,1
1,2.133287956526116,2,1,1,2,1
0,1.745108193227091,17,0,1,0,0
0,1.6199521603861333,15,0,0,0,0
1,9.64250663101487,12,0,2,0,1
0,0.6841406911261366,6,0,1,0,0
1,3.810918895717362,15,0,3,0,1
1,0.9407121815328252,11,0,1,0,0
1,0.794994369633696,18,0,2,0,1
0,0.9615713458415341,13,0,0,0,0
1,2.6513514525280244,16,0,2,0,0
1,2.348561262609769,17,0,10,0,1
0,1.1306150656149836,17,0,0,0,0
0,0.7255565818392848,1,1,1,0,0
1,1.622550675816004,22,0,3,0,0
0,11.114135640275615,8,0,1,4,1
0,1.5125510112217084,13,0,0,0,0
0,1.5764844871682386,8,0,0,0,0
0,0.8866065021397329,20,0,2,0,0
1,2.1080919688715967,4,1,1,0,0
0,0.8381584076890527,11,0,1,0,0
0,0.8735425215826583,16,0,1,0,0
1,1.6615866892294926,3,1,1,2,1
1,2.484670680033304,6,0,1,2,1
1,4.561984624213596,4,1,4,2,1
1,7.37471450896083,8,0,1,0,1
0,7.500275470246892,0,1,2,4,1
0,8.608478564960114,0,1,5,4,1
1,2.6249438757236248,15,0,5,4,1
0,0.4534019415489937,15,0,2,0,0
1,6.210487358285623,6,0,3,0,1
0,0.811401127562739,0,1,3,0,0
0,1.1750506050048612,12,0,3,0,0
0,1.7737477639062955,12,0,2,0,0
0,1.351680995813038,15,0,0,0,0
0,0.393047465482888,11,0,2,0,0
1,1.3328692111824512,20,0,2,0,0
1,0.7380346380339625,11,0,2,0,0
0,2.116816689416241,11,0,0,0,0
1,5.735604480298529,6,0,2,0,1
0,0.9962235006624642,2,1,2,0,0
0,1.320589770435912,23,1,1,0,0
0,0.35256716060455706,13,0,1,0,0
1,4.662201894355808,13,0,6,0,1
0,1.3037980235156952,6,0,1,0,0
1,0.8084450249734815,1,1,0,0,0
1,5.9241671815441865,8,0,4,0,1
0,0.3663415373876512,17,0,1,0,0
0,1.1275222013934052,23,1,3,0,0
0,1.2630986385745047,17,0,1,0,0
0,1.3978169671547611,23,1,0,0,0
0,1.0584361527994715,23,1,1,0,0
0,0.48347472561424937,23,1,1,0,0
0,2.9054266848996333,9,0,0,0,0
0,1.7791033444758435,18,0,1,0,0
0,0.9413000062449796,20,0,1,0,0
1,1.2560087178408978,22,0,0,0,0
0,1.0590754018946718,22,0,2,0,0
1,1.2894137561850334,17,0,1,0,0
1,4.204209945474755,2,1,3,5,1
0,1.2499086918470683,21,0,2,0,0
0,1.0926599806385124,16,0,1,0,0
0,0.9464608853815398,15,0,0,0,0
0,0.44538879821548905,18,0,2,0,0
0,0.6175106155157412,13,0,1,0,0
0,1.8001008689102553,17,0,1,0,0
0,3.558192824802983,10,0,1,0,0
0,2.3482749783349246,12,0,2,0,0
1,0.6630830298472048,11,0,1,0,0
1,8.758069458818522,19,0,3,4,1
0,0.6874425145792424,9,0,1,0,0
1,9.794196691550214,3,1,6,0,1
0,2.0688899378156815,0,1,4,0,0
1,0.4448865392977812,18,0,1,0,0
0,1.4099401280854083,5,1,5,3,1
1,0.8332094466492141,12,0,3,0,0
0,0.5915044573971507,14,0,3,0,0
1,0.9688548572226287,8,0,0,0,0
0,1.0859029092519101,23,1,0,0,0
0,6.386083000700598,3,1,3,0,0
0,2.939240302410853,0,1,3,4,1
0,1.0073670742890781,17,0,1,0,0
1,1.0261344857877865,3,1,1,0,1
0,6.329552971747852,3,1,1,4,1
0,0.9850208913201087,12,0,1,0,0
1,7.394881298369334,0,1,3,0,1
0,0.8296453168736895,11,0,0,0,0
1,7.110375390442411,4,1,1,3,1
0,0.7651530486005825,19,0,2,0,0
1,0.5055058404123852,4,1,1,0,0
0,3.840848553198487,0,1,3,0,1
0,0.9789146673710328,8,0,6,0,0
1,0.8630945227059491,2,1,2,1,1
1,3.1161420459382585,2,1,3,3,1
1,7.511855449660749,11,0,4,0,1
0,2.4295101363514937,12,0,0,0,0
0,0.6527271432260741,15,0,1,0,0
1,3.373242915567,0,1,2,0,1
0,1.1201207690540553,14,0,1,0,0
0,0.24280168021251114,14,0,2,0,0
1,0.549081143679648,13,0,1,0,0
0,0.6381196782348492,12,0,0,0,0
1,1.7622572036505701,15,0,4,0,0
0,1.2785495801949878,6,0,1,0,0
0,1.338723268025385,6,0,0,0,0
0,0.767110434010764,15,0,4,0,0
0,1.5683119223507216,11,0,2,0,0
0,0.42433037206763424,23,1,1,0,0
1,1.2008245674751614,20,0,0,0,0
0,1.449132294690498,11,0,0,0,0
1,0.9613969498696864,15,0,1,0,0
0,0.9822087903154892,20,0,0,0,0
1,7.870076509413222,0,1,5,3,1
0,0.4826359142085845,23,1,0,0,0
0,0.2997036928540979,12,0,3,0,0
0,1.1014095734768816,14,0,1,0,0
0,0.8326723860560721,23,1,5,0,0
0,1.080779859905427,21,0,3,0,0
0,6.34362862713388,4,1,4,0,1
1,1.7982377980513486,14,0,2,1,1
1,0.8806393434728733,19,0,0,0,0
1,6.5919964532430795,0,1,5,0,1
0,0.8338201878387631,7,0,2,0,0
1,1.2224712927277355,6,0,1,0,0
0,0.3116401589368381,10,0,0,0,0
1,1.0754622217978373,9,0,3,0,1
0,0.35582379396822394,15,0,0,0,0
1,2.546877813264694,4,1,2,3,1
0,1.1286605105370755,17,0,1,0,0
0,4.454374818887243,3,1,3,3,1
1,1.6023605376769485,12,0,0,0,0
0,9.905627259686607,0,1,4,0,1
0,0.45579204876759527,10,0,1,0,0
1,0.6618481856915915,13,0,0,0,0
1,3.9175165099706524,0,1,6,3,1
0,0.9128096077911676,22,0,1,0,0
0,0.5292991907851695,6,0,0,0,0
1,3.3725006968550932,0,1,1,5,1
0,1.1727238185733433,2,1,2,0,1
0,1.0640502487431533,6,0,2,0,0
0,0.5665718180959034,4,1,0,0,0
1,6.538792239944511,0,1,1,1,1
0,1.2634011544971924,21,0,2,0,0
1,1.453978320259691,13,0,2,4,1
0,0.3205015386474452,13,0,1,0,0
0,0.6186268363522655,15,0,0,0,0
1,0.8794526191278171,17,0,3,0,0
0,0.7711395096827537,14,0,1,0,1
0,0.6359804034057783,23,1,1,0,0
0,2.2520841982277986,23,1,0,0,0
0,0.9084795770720305,10,0,2,0,0
0,0.7043446069761286,16,0,1,0,0
0,3.228134199341044,9,0,3,0,1
1,0.6864639826873584,16,0,1,0,0
1,1.7356919430906956,17,0,1,0,1
1,1.1301058722105588,11,0,3,0,0
1,9.055158077279547,2,1,2,1,1
1,0.6184903745417208,2,1,4,4,1
0,0.5235409779685908,10,0,1,0,0
0,1.4910275953061662,5,1,0,0,0
0,0.5786534448659221,23,1,5,0,0
0,0.9644112783460191,14,0,1,0,0
1,2.0994044982483477,2,1,1,0,1
0,1.7419478080651813,10,0,2,0,0
0,1.7561222581632927,23,1,1,0,0
0,0.9982439811799696,17,0,0,0,0
1,7.398893013032692,0,1,8,0,1
1,2.8253921538135573,5,1,2,1,1
0,0.6292431831080675,20,0,0,0,0
0,0.9304638261155634,15,0,2,0,0
1,11.621604742180814,16,0,1,0,1
0,2.1717552299493956,13,0,1,0,0
0,4.782148337931035,3,1,0,4,1
1,1.0096737176593569,13,0,0,0,0
1,0.7476467499247904,14,0,0,0,0
0,2.761295855457338,22,0,0,0,0
0,0.7501291792920128,16,0,1,0,0
1,3.290459316358617,0,1,4,0,1
0,0.8366117485853551,15,0,0,0,0
0,2.560591200399165,6,0,6,1,1
1,6.726559352723472,13,0,0,2,0
0,0.5332892935152874,23,1,0,0,0
0,1.304078471327527,21,0,2,0,0
0,1.9670536002294825,10,0,0,0,0
0,1.1926881266143525,10,0,0,0,0
0,0.5976126148624742,20,0,1,0,0
0,0.6836518538711263,14,0,3,0,0
0,0.9087731280784308,19,0,1,0,0
0,0.7473835291297467,13,0,2,0,0
0,0.616873510665259,10,0,1,0,0
0,0.8089995839425116,23,1,0,0,0
0,0.7684140235003072,15,0,1,0,0
1,7.14885348628327,6,0,2,3,1
1,14.127652289440514,11,0,3,0,1
0,0.7875714780160915,19,0,1,0,0
1,0.5962149480547435,3,1,4,0,0
1,6.652052350885012,23,1,2,0,1
1,3.7558011896764762,0,1,2,3,1
0,1.1864928001225132,19,0,0,0,0
1,6.5573553447016915,4,1,5,0,1
0,2.1837034680697545,4,1,6,1,1
1,5.351072601611121,16,0,2,0,1
0,0.9985013024352604,19,0,1,0,0
0,0.3408942689775306,5,1,2,0,0
0,0.8072160625205603,21,0,0,0,0
0,1.8363755151971877,8,0,0,0,0
0,1.4128075630042378,21,0,3,0,0
0,1.1775890923016665,8,0,2,0,0
0,0.6126400261970028,12,0,1,0,0
1,11.01170613090627,0,1,2,3,1
0,0.7875624170499353,12,0,2,0,0
0,0.5742384704352521,11,0,2,0,0
0,0.4851149739264585,9,0,2,0,0
1,0.8182171855116717,3,1,1,0,0
1,4.6921084915112585,0,1,0,2,1
1,2.200219511461428,13,0,2,0,1
0,1.737728711870983,10,0,3,0,1
0,1.2679585439458345,23,1,0,0,0
0,0.9655649577420923,3,1,0,0,0
0,0.8613248032360299,19,0,1,0,0
0,1.169975228366973,13,0,2,0,0
0,1.759421737903678,13,0,1,0,0
0,0.988041185049766,23,1,1,0,0
1,4.042304739911153,8,0,1,3,1
1,2.046894049152752,0,1,2,2,1
0,1.6399217015133882,12,0,0,0,0
1,2.9073694447556826,12,0,2,4,1
1,2.331699857484663,8,0,2,0,1
0,1.5908364154989796,8,0,2,0,0
1,0.41551425368672984,5,1,0,0,0
0,0.9658483183953677,6,0,1,0,0
0,1.8954851750557895,22,0,1,0,0
0,1.0585897492333616,11,0,1,0,0
0,0.662190708522339,11,0,0,0,0
1,2.269066048603549,8,0,1,0,1
1,0.8716825736366264,3,1,1,0,0
0,0.9167860082174146,13,0,1,0,0
1,4.563155605616031,3,1,3,0,1
0,0.8007373711480911,19,0,1,0,0
1,1.0262502894186345,23,1,0,0,0
0,1.2912502141177478,9,0,2,0,0
1,0.8296058898663434,5,1,1,0,0
0,1.7362482416481484,11,0,1,0,0
0,0.599588306119693,17,0,3,0,0
0,2.8611258755806195,0,1,0,0,1
0,3.794759418707608,1,1,4,4,1
0,0.8252149137775977,4,1,0,0,0
0,0.5682140979609278,17,0,1,0,0
0,2.644015795675126,0,1,1,0,0
0,1.3591234768858025,15,0,3,0,0
0,1.160696037424575,1,1,0,0,0
1,0.647573081929734,17,0,1,0,0
0,1.2454421379217964,8,0,2,0,0
0,1.3609122312002493,18,0,3,0,0
1,2.5229189105320198,9,0,1,2,1
1,1.999634616733131,20,0,2,0,0
0,0.8422925479878767,16,0,0,0,0
0,1.0362389970547574,5,1,1,0,0
0,0.6899776680919533,5,1,1,0,0
0,1.7564683509494643,9,0,1,0,0
0,1.1069444443523893,23,1,1,0,0
1,5.16944680869527,15,0,2,1,1
0,0.9652599884350892,18,0,2,0,0
1,1.2186904627483712,4,1,1,4,1
0,1.4544262073014746,23,1,4,0,0
0,2.4778150583175167,15,0,0,0,0
1,2.2639085642616994,4,1,2,5,1
1,0.6279455768445673,6,0,0,0,0
0,1.0338384182087563,9,0,1,0,0
1,3.962004501753012,1,1,5,1,1
0,1.6643016759390068,15,0,1,0,0
0,1.5040023789778667,4,1,0,0,0
0,0.656744461641653,16,0,0,0,0
0,1.632507023344989,6,0,0,0,0
1,0.549954449764913,11,0,1,0,0
0,0.6204865934398758,8,0,1,0,0
1,1.2655138875749594,7,0,1,2,1
1,0.8321040939384596,16,0,0,0,0
0,0.5179924301212288,16,0,2,0,0
1,10.134760764053688,7,0,3,0,1
0,0.48016715469980625,21,0,1,0,0
1,1.2668627883841925,14,0,0,0,0
1,0.8242215884671281,11,0,2,0,0
0,0.6941873182327661,22,0,1,0,0
1,1.2192113936641278,10,0,1,0,0
0,1.0156499426806298,17,0,2,0,0
1,0.9163473665652486,12,0,0,0,0
0,1.4615807748405503,13,0,2,0,0
0,2.1335020918834786,18,0,0,0,1
1,4.598042624402519,7,0,4,2,1
0,2.9350778087776503,8,0,0,0,0
1,1.312663836684089,5,1,3,0,1
0,2.0139324789639175,17,0,3,0,0
1,5.5055816620980975,12,0,2,0,1
0,3.965003020935855,0,1,2,0,1
0,3.9487306297687117,0,1,3,0,1
0,1.940730667731821,13,0,1,0,1
0,0.5571993531077399,17,0,0,0,0
1,5.402724330091834,3,1,4,1,1
1,1.2310075556109694,11,0,3,0,0
0,3.132440191811368,9,0,2,2,1
1,2.05215091506648,7,0,2,0,0
1,7.883181007112547,7,0,3,0,1
0,1.335357570431359,11,0,1,0,0
1,1.6711233005251187,4,1,0,2,1
0,0.6328471356642739,12,0,1,0,0
1,0.9221960633354384,15,0,0,0,0
0,4.046237487334145,11,0,3,2,1
1,5.801764267511853,9,0,5,1,1
0,1.0494617074570953,14,0,2,0,0
0,0.4896431973022779,14,0,0,0,0
1,1.5964358691804306,16,0,1,0,1
0,0.8378569277038691,21,0,4,0,1
0,0.5222598610431833,11,0,2,0,0
0,0.9884503597118547,15,0,1,0,0
1,13.839390050659327,7,0,6,0,1
1,3.9621091589077664,19,0,0,3,1
1,0.5953382943148867,18,0,3,0,0
1,1.5839190227686881,22,0,1,0,0
1,6.3871652732501785,10,0,5,4,1
0,6.841483402694469,0,1,2,4,1
1,5.263114640383432,11,0,1,0,1
0,0.7784733052597034,23,1,2,0,0
0,1.8694681860095683,9,0,2,0,0
1,3.8306363111719874,2,1,2,0,1
0,1.821363204789508,20,0,2,0,0
0,0.6730952672052678,7,0,2,0,0
0,1.1641125197768707,23,1,3,0,0
0,0.4878178323183739,4,1,0,0,0
0,0.9516582440980882,18,0,1,0,0
1,14.112539507051213,8,0,4,0,1
0,1.0479116673006856,18,0,0,0,0
1,5.277727422945089,6,0,6,2,1
0,13.526322155563186,3,1,2,3,1
0,1.8154549849370722,14,0,2,0,0
0,2.2837086168499474,0,1,3,4,1
1,4.542920176609518,22,0,4,0,1
0,0.5541625798375049,9,0,0,0,0
1,0.3910208549375573,13,0,0,0,0
1,0.6336217597360357,17,0,1,0,0
1,9.448673534406385,11,0,2,0,1
0,1.7618795283189534,8,0,2,0,0
0,2.9784801084448524,10,0,1,0,1
1,2.1548451002751325,1,1,3,0,0
1,0.6735066877996896,10,0,0,0,0
0,1.7194132895919998,20,0,1,0,0
0,0.6113286377573728,13,0,0,0,0
1,1.1325330932234947,21,0,1,0,0
0,2.6929351359215064,9,0,1,0,1
0,0.6874969468082986,20,0,1,0,0
0,0.484006897946953,7,0,1,0,0
1,1.393200773788373,8,0,1,0,0
0,2.7853619399828355,12,0,2,0,0
0,0.5088378535372526,2,1,2,0,0
0,1.0705035584326397,10,0,2,0,0
0,0.5415024630180657,17,0,0,0,0
0,0.8696969515160095,10,0,2,0,0
0,0.7569097164883297,7,0,0,0,0
1,1.421566427775271,3,1,1,0,0
0,1.187272235731352,16,0,1,0,0
1,2.6522371838370122,11,0,4,4,1
0,1.6203967977281568,2,1,0,0,0
0,1.2812125287325344,15,0,0,0,0
0,1.1544746367284178,23,1,0,0,0
1,3.189872563500015,6,0,1,2,1
0,4.629107194523161,14,0,4,0,0
0,1.3729410475029218,9,0,0,0,0
0,0.9552169648516307,7,0,0,0,0
0,0.6637786258290685,18,0,1,0,0
0,3.4466967270129656,1,1,0,0,1
0,2.09641033322188,16,0,2,0,0
1,2.5707707461546336,0,1,7,0,1
1,3.331723076127308,6,0,3,1,1
0,0.9242233680916105,15,0,0,0,0
0,0.8334186965899362,17,0,1,0,0
0,6.820546618243271,6,0,0,1,1
0,0.9090831318590352,18,0,0,0,0
0,0.4753503493588398,21,0,3,0,0
0,1.4555007374081539,11,0,0,0,0
0,2.7199514387694657,15,0,1,0,0
0,0.8679062415063624,18,0,2,0,0
1,5.778118709990862,18,0,2,1,1
0,1.1005405901051453,5,1,2,0,1
1,1.1145651654547717,15,0,2,0,0
0,1.040004526334951,17,0,1,0,0
1,6.106395333411986,5,1,1,0,1
0,0.8095278844529908,9,0,1,0,0
0,2.24984612472739,14,0,1,0,1
1,1.2552195679009535,9,0,0,0,0
0,0.8359681151454504,13,0,2,0,0
1,4.546093347129291,4,1,3,1,1
0,2.025028120390421,23,1,1,0,0
1,2.8549638384764555,5,1,1,2,1
0,0.6155361460067642,6,0,0,0,0
0,3.725150698749803,5,1,2,3,1
0,2.7778255911959646,19,0,1,0,0
0,2.485697015485839,18,0,4,5,1
1,1.4555373196595973,18,0,2,2,1
0,2.6539071092729714,14,0,2,0,0
1,0.9668755163497071,14,0,1,0,0
0,0.8779950569313884,17,0,4,0,0
0,3.9574844421523117,0,1,4,0,1
0,5.101217579389109,0,1,2,1,1
0,6.666854523726276,3,1,4,1,1
1,3.9706102208328398,0,1,2,0,1
0,0.7234635582660496,23,1,3,0,0
0,1.657419724388183,9,0,1,0,0
0,0.9400486506098141,16,0,1,0,0
1,2.8825425425979336,0,1,5,0,1
0,1.338263958070738,14,0,2,0,0
1,0.5000467732123317,11,0,2,0,0
0,2.1417699459743145,6,0,2,0,0
0,1.5771594309483827,15,0,1,0,0
0,0.37980600106751333,15,0,1,0,0
0,1.4391235215936495,18,0,1,0,0
1,3.829613563951618,2,1,3,1,1
1,4.929157354070962,23,1,3,0,1
1,2.3758923562314727,0,1,0,3,1
0,0.8285042889007429,2,1,1,0,0
1,0.5541926486359917,14,0,0,0,0
0,1.4437666903753796,9,0,0,0,0
0,0.8605360960214623,19,0,1,0,0
1,0.9527520072778191,2,1,1,0,0
0,0.3920338785472572,11,0,2,0,0
0,0.49591934967111867,14,0,4,0,0
0,0.5216289980180231,14,0,1,0,0
0,2.1463442206167986,9,0,0,0,1
0,4.086498014945281,2,1,3,1,1
1,0.8104838400682977,13,0,0,0,0
0,0.3705008665599473,19,0,4,0,0
0,1.5595883206686296,12,0,0,0,0
1,3.6712267643892225,0,1,3,3,1
0,0.9990412598807449,18,0,0,0,0
0,1.266199686509583,7,0,0,0,0
0,1.2080183780531286,4,1,1,0,0
0,1.234548669543149,5,1,2,0,0
0,0.6507673920595625,14,0,7,0,0
1,6.681205529594304,7,0,4,1,1
0,1.3089809409583981,10,0,1,0,0
0,3.1346312734873685,0,1,3,5,1
0,1.3770838111133683,16,0,2,0,0
0,0.8713996158153078,16,0,4,0,0
1,4.443601292281702,6,0,4,0,1
0,0.8335723347183019,12,0,1,0,0
0,0.7365354551457851,13,0,2,0,0
1,1.6663637911946323,1,1,1,0,0
0,1.6707968440459913,5,1,4,0,0
0,0.6816354986371055,8,0,1,0,0
0,1.9644103420080752,2,1,6,2,1
1,0.5482327371215595,18,0,1,0,0
1,15.714131224927344,3,1,3,0,0
0,1.048880959826094,8,0,0,0,0
1,6.043461528180767,0,1,1,0,1
1,0.87203540592441,7,0,0,0,0
0,0.47672549501605443,9,0,1,0,0
0,0.7771630946239018,10,0,3,0,0
0,11.243916856979354,0,1,5,0,1
1,12.035395547290047,5,1,3,1,1
1,3.436046205245975,0,1,3,0,1
0,1.2165335581523655,19,0,4,0,0
0,1.7736743867090863,23,1,1,0,0
0,0.38197956102947844,16,0,1,0,0
0,1.5155509121471982,13,0,1,0,0
1,1.5324325480918575,11,0,0,0,0
1,2.485125295056516,21,0,0,0,0
0,2.43351226005278,21,0,3,1,1
0,0.8810247691520935,2,1,1,0,0
1,1.312259625555292,23,1,0,0,0
0,0.5593570928821722,23,1,0,0,0
1,4.049614478477161,4,1,7,4,1
1,1.596580468615763,0,1,0,1,1
1,2.0351301598667493,4,1,2,0,1
0,1.5877019849378498,22,0,3,0,0
0,1.3535930868336759,7,0,0,0,0
1,0.4971601449448438,5,1,0,0,0
0,3.052292881908953,7,0,2,0,0
0,1.1803940098046741,15,0,0,0,0
1,15.561774538818463,15,0,2,0,1
0,1.8161459247822866,19,0,5,0,1
0,0.5214271140002671,8,0,1,0,0
1,4.95726723315519,2,1,2,2,1
0,0.3466110676664782,12,0,2,0,0
0,0.8961477499307515,14,0,2,0,0
1,6.564937991188306,0,1,2,3,1
0,1.0146614126926436,1,1,1,0,0
1,7.06693530771098,1,1,5,0,1
0,1.9870031936094237,18,0,1,0,0
1,2.3119527360792196,5,1,0,3,1
0,1.1932531216769242,9,0,3,0,0
0,1.2092032158439352,21,0,1,0,0
1,1.1779790399219403,14,0,1,0,0
0,0.8638041812947566,19,0,1,0,0
1,2.0905305010918522,6,0,5,0,1
1,0.7289244458106201,12,0,2,0,0
1,1.6845453722801378,11,0,1,0,0
1,0.44914179261565274,11,0,3,0,0
0,0.5278364552190137,11,0,4,0,0
1,6.6804286188758395,2,1,1,2,1
1,0.7327111194409336,5,1,1,0,0
1,0.31422693271793634,6,0,0,0,0
1,0.7371640904532006,10,0,1,0,0
0,2.912719658404475,10,0,3,0,0
0,1.8401557753026498,11,0,1,0,0
0,1.1712285319358375,23,1,3,0,0
0,1.3205046014549895,19,0,1,0,0
1,1.2994946746559188,18,0,2,0,0
0,1.341452919858852,7,0,3,0,0
0,1.450271530354868,15,0,2,0,0
1,1.5365244712628354,23,1,3,0,0
0,2.452622677520121,21,0,2,0,0
0,1.270387322513184,20,0,1,0,0
0,0.7764021695294728,7,0,1,0,0
0,11.180071610489401,13,0,4,2,1
0,3.287067442263037,9,0,1,1,1
0,0.9099319817783819,16,0,1,0,1
0,0.9934100218518215,15,0,2,0,1
0,0.9534446363377509,13,0,0,0,0
0,0.760670512344168,12,0,4,0,0
1,1.354136149930577,14,0,6,4,1
0,0.8599224321949211,17,0,3,0,0
0,1.2918857944487923,15,0,3,0,0
0,0.94661413820403,14,0,0,0,1
0,1.5499187533574412,10,0,2,0,0
0,0.49324251989842965,16,0,2,0,0
1,0.5692209620736295,18,0,2,0,0
0,0.7277239409091333,23,1,0,0,0
1,0.9117569195597485,11,0,0,0,0
0,0.6809455752499401,17,0,1,0,0
1,1.7627844562204675,11,0,2,0,0
1,0.6501269956003103,18,0,2,0,0
0,6.4196777624094,12,0,2,0,1
0,3.75055436020728,0,1,1,0,1
0,0.8323734764662516,19,0,2,0,0
0,4.216538970473179,21,0,3,2,1
0,1.3134025052334197,17,0,1,0,0
0,0.8906625638421001,18,0,0,0,1
0,0.9555509429643809,17,0,1,0,0
0,1.639047248319834,11,0,3,0,0
1,0.8384290840178794,22,0,1,0,0
0,0.5176711387940498,15,0,1,0,0
0,0.6308741333403302,11,0,1,0,0
0,1.1216651776497062,16,0,1,0,0
0,2.1722897238811516,19,0,1,0,1
1,5.015344694785999,18,0,5,2,1
0,0.9575739290411592,9,0,3,0,0
0,1.8803820849833457,8,0,0,0,0
1,2.317512752827348,19,0,1,0,0
0,1.855212493742713,13,0,2,0,0
